Workbook

Sheet Fコード表
A1: SEQ | B1: JFAGY code | C1: Allergen Term（JP） | D1: Furigana（JP） | E1: Allergen Term（EN） | F1: Level | G1: Ascii Tree（JP） | H1: Ascii Tree（EN） | I1: Main 100 | J1: Clinical Guideline | K1: CXGCATEGORY | L1: RECORDDATE | M1: ENDDATE
A2: 1 | B2: 00F | C2: 食品 | D2: しょくひん | E2: Food | F2: 1 | G2: 食品 | H2: Food | I2: 1 | J2: 1 | K2: 0 | L2: 00000000 | M2: 99999999
A3: 2 | B3: J9FA00000000 | C3: 農産食品 | D3: のうさんしょくひん | E3: Agricultural food | F3: 2 | G3: ├ 農産食品 | H3: ├ Agricultural food | I3: 1 | K3: 0 | L3: 00000000 | M3: 99999999
A4: 3 | B4: J9FA11000000 | C4: もみ | D4: もみ | E4: Paddy rice | F4: 3 | G4: │ ├ もみ | H4: │ ├ Paddy rice | K4: 0 | L4: 00000000 | M4: 99999999
A5: 4 | B5: J9FA12000000 | C5: 玄米 | D5: げんまい | E5: Brown rice | F5: 3 | G5: │ ├ 玄米 | H5: │ ├ Brown rice | I5: 1 | K5: 0 | L5: 00000000 | M5: 99999999
A6: 5 | B6: J9FA12000011 | C6: 米ぬか | D6: こめぬか | E6: Rice bran | F6: 6 | G6: │ │ └ 米ぬか | H6: │ │ └ Rice bran | J6: 1 | K6: 0 | L6: 00000000 | M6: 99999999
A7: 6 | B7: J9FA13000000 | C7: 白米 | D7: はくまい | E7: White rice | F7: 3 | G7: │ ├ 白米 | H7: │ ├ White rice | I7: 1 | K7: 0 | L7: 00000000 | M7: 99999999
A8: 7 | B8: J9FA13000011 | C8: もち | D8: もち | E8: Glutinous rice | F8: 6 | G8: │ │ ├ もち | H8: │ │ ├ Glutinous rice | K8: 0 | L8: 00000000 | M8: 99999999
A9: 8 | B9: J9FA13000012 | C9: 米粉 | D9: こめこ | E9: Rice flour | F9: 6 | G9: │ │ └ 米粉 | H9: │ │ └ Rice flour | K9: 0 | L9: 00000000 | M9: 99999999
A10: 9 | B10: J9FA14000000 | C10: 大麦 | D10: おおむぎ | E10: Barley | F10: 3 | G10: │ ├ 大麦 | H10: │ ├ Barley | I10: 1 | K10: 0 | L10: 00000000 | M10: 99999999
A11: 10 | B11: J9FA14000011 | C11: 大麦粉 | D11: おおむぎこ | E11: Barley flour | F11: 6 | G11: │ │ ├ 大麦粉 | H11: │ │ ├ Barley flour | J11: 1 | K11: 0 | L11: 00000000 | M11: 99999999
A12: 11 | B12: J9FA14000012 | C12: 麦茶 | D12: むぎちゃ | E12: Barley tea | F12: 6 | G12: │ │ └ 麦茶 | H12: │ │ └ Barley tea | K12: 0 | L12: 00000000 | M12: 99999999
A13: 12 | B13: J9FA15000000 | C13: 小麦 | D13: こむぎ | E13: Wheat | F13: 3 | G13: │ ├ 小麦 | H13: │ ├ Wheat | I13: 1 | J13: 1 | K13: 0 | L13: 00000000 | M13: 99999999
A14: 13 | B14: J9FA15000011 | C14: 小麦ふすま | D14: こむぎふすま | E14: Wheat bran | F14: 6 | G14: │ │ ├ 小麦ふすま | H14: │ │ ├ Wheat bran | K14: 0 | L14: 00000000 | M14: 99999999
A15: 14 | B15: J9FA15000012 | C15: こむぎ胚芽 | D15: こむぎはいが | E15: Wheat germ | F15: 6 | G15: │ │ ├ こむぎ胚芽 | H15: │ │ ├ Wheat germ | J15: 1 | K15: 0 | L15: 00000000 | M15: 99999999
A16: 15 | B16: J9FA15000013 | C16: グルテン | D16: ぐるてん | E16: Gluten | F16: 6 | G16: │ │ ├ グルテン | H16: │ │ ├ Gluten | J16: 1 | K16: 0 | L16: 00000000 | M16: 99999999
A17: 16 | B17: J9FA15000014 | C17: グルテニン | D17: ぐるてにん | E17: Glutenin | F17: 6 | G17: │ │ ├ グルテニン | H17: │ │ ├ Glutenin | J17: 1 | K17: 0 | L17: 00000000 | M17: 99999999
A18: 17 | B18: J9FA15000015 | C18: グリアジン | D18: ぐりあじん | E18: Gliadin | F18: 6 | G18: │ │ ├ グリアジン | H18: │ │ ├ Gliadin | J18: 1 | K18: 2 | L18: 00000000 | M18: 99999999
A19: 18 | B19: J9FA15000016 | C19: 小麦粉 | D19: こむぎこ | E19: Wheat flour | F19: 6 | G19: │ │ ├ 小麦粉 | H19: │ │ ├ Wheat flour | J19: 1 | K19: 0 | L19: 00000000 | M19: 99999999
A20: 19 | B20: J9FA15000017 | C20: 小麦でん粉 | D20: こむぎでんぷん | E20: Wheat starch | F20: 6 | G20: │ │ ├ 小麦でん粉 | H20: │ │ ├ Wheat starch | K20: 0 | L20: 00000000 | M20: 99999999
A21: 20 | B21: J9FA15000018 | C21: 特異的IgE ω-5 グリアジン | D21: とくいてきあいじーいーおめがふぁいぶぐりあじん | E21: Specific IgE omega-5 gliadin | F21: 6 | G21: │ │ └ 特異的IgE ω-5 グリアジン | H21: │ │ └ Specific IgE omega-5 gliadin | K21: 2 | L21: 00000000 | M21: 99999999
A22: 21 | B22: J9FA15110000 | C22: スペルト小麦 | D22: すぺるとこむぎ | E22: Spelt wheat | F22: 4 | G22: │ │ ├ スペルト小麦 | H22: │ │ ├ Spelt wheat | K22: 0 | L22: 00000000 | M22: 99999999
A23: 22 | B23: J9FA15120000 | C23: デュラム小麦 | D23: でゅらむこむぎ | E23: Durum wheat | F23: 4 | G23: │ │ ├ デュラム小麦 | H23: │ │ ├ Durum wheat | K23: 0 | L23: 00000000 | M23: 99999999
A24: 23 | B24: J9FA15120011 | C24: デュラムセモリナ | D24: でゅらむせもりな | E24: Durum semolina | F24: 6 | G24: │ │ │ └ デュラムセモリナ | H24: │ │ │ └ Durum semolina | K24: 0 | L24: 00000000 | M24: 99999999
A25: 24 | B25: J9FA15980000 | C25: 小麦（その他） | D25: こむぎ（そのた） | E25: Wheat (Other) | F25: 4 | G25: │ │ ├ 小麦（その他） | H25: │ │ ├ Wheat (Other) | K25: 0 | L25: 00000000 | M25: 99999999
A26: 25 | B26: J9FA15990000 | C26: 小麦（詳細不明） | D26: こむぎ（しょうさいふめい） | E26: Wheat (N.O.S) | F26: 4 | G26: │ │ └ 小麦（詳細不明） | H26: │ │ └ Wheat (N.O.S) | K26: 0 | L26: 00000000 | M26: 99999999
A27: 26 | B27: J9FA16000000 | C27: ライ麦 | D27: らいむぎ | E27: Rye | F27: 3 | G27: │ ├ ライ麦 | H27: │ ├ Rye | K27: 0 | L27: 00000000 | M27: 99999999
A28: 27 | B28: J9FA17000000 | C28: えん麦 | D28: えんむぎ | E28: Oats | F28: 3 | G28: │ ├ えん麦 | H28: │ ├ Oats | K28: 0 | L28: 00000000 | M28: 99999999
A29: 28 | B29: J9FA17000011 | C29: オートミール | D29: おーとみーる | E29: Oatmeal | F29: 6 | G29: │ │ └ オートミール | H29: │ │ └ Oatmeal | K29: 0 | L29: 00000000 | M29: 99999999
A30: 29 | B30: J9FA18000000 | C30: 精麦 | D30: せいばく | E30: Milled barley | F30: 3 | G30: │ ├ 精麦 | H30: │ ├ Milled barley | K30: 0 | L30: 00000000 | M30: 99999999
A31: 30 | B31: J9FA19000000 | C31: 雑穀 | D31: ざっこく | E31: Minor grains | F31: 3 | G31: │ ├ 雑穀 | H31: │ ├ Minor grains | K31: 0 | L31: 00000000 | M31: 99999999
A32: 31 | B32: J9FA19000011 | C32: 雑穀粉 | D32: ざっこくこ | E32: Millet flour | F32: 6 | G32: │ │ └ 雑穀粉 | H32: │ │ └ Millet flour | K32: 0 | L32: 00000000 | M32: 99999999
A33: 32 | B33: J9FA19110000 | C33: とうもろこし | D33: とうもろこし | E33: Corn | F33: 4 | G33: │ │ ├ とうもろこし | H33: │ │ ├ Corn | I33: 1 | J33: 1 | K33: 0 | L33: 00000000 | M33: 99999999
A34: 33 | B34: J9FA19110011 | C34: とうもろこし粉 | D34: とうもろこしこ | E34: Corn flour | F34: 6 | G34: │ │ │ ├ とうもろこし粉 | H34: │ │ │ ├ Corn flour | K34: 0 | L34: 00000000 | M34: 99999999
A35: 34 | B35: J9FA19110012 | C35: とうもろこしでん粉 | D35: とうもろこしでんぷん | E35: Corn starch | F35: 6 | G35: │ │ │ └ とうもろこしでん粉 | H35: │ │ │ └ Corn starch | K35: 0 | L35: 00000000 | M35: 99999999
A36: 35 | B36: J9FA19120000 | C36: あわ | D36: あわ | E36: Foxtail millet | F36: 4 | G36: │ │ ├ あわ | H36: │ │ ├ Foxtail millet | K36: 0 | L36: 00000000 | M36: 99999999
A37: 36 | B37: J9FA19130000 | C37: ひえ | D37: ひえ | E37: Japanese millet | F37: 4 | G37: │ │ ├ ひえ | H37: │ │ ├ Japanese millet | K37: 0 | L37: 00000000 | M37: 99999999
A38: 37 | B38: J9FA19140000 | C38: そば | D38: そば | E38: Buckwheat | F38: 4 | G38: │ │ ├ そば | H38: │ │ ├ Buckwheat | I38: 1 | J38: 1 | K38: 0 | L38: 00000000 | M38: 99999999
A39: 38 | B39: J9FA19140011 | C39: そば粉 | D39: そばこ | E39: Buckwheat flour | F39: 6 | G39: │ │ │ ├ そば粉 | H39: │ │ │ ├ Buckwheat flour | J39: 1 | K39: 0 | L39: 00000000 | M39: 99999999
A40: 39 | B40: J9FA19140012 | C40: そば茶 | D40: そばちゃ | E40: Buckwheat tea | F40: 6 | G40: │ │ │ ├ そば茶 | H40: │ │ │ ├ Buckwheat tea | K40: 2 | L40: 00000000 | M40: 99999999
A41: 40 | B41: J9FA19140013 | C41: そばまんじゅう | D41: そばまんじゅう | E41: Soba manju (Buckwheat bun) | F41: 6 | G41: │ │ │ ├ そばまんじゅう | H41: │ │ │ ├ Soba manju (Buckwheat bun) | K41: 0 | L41: 00000000 | M41: 99999999
A42: 41 | B42: J9FA19140014 | C42: そば焼酎 | D42: そばじょうちゅう | E42: Buckwheat shochu | F42: 6 | G42: │ │ │ └ そば焼酎 | H42: │ │ │ └ Buckwheat shochu | K42: 0 | L42: 00000000 | M42: 99999999
A43: 42 | B43: J9FA19150000 | C43: きび | D43: きび | E43: Proso millet | F43: 4 | G43: │ │ ├ きび | H43: │ │ ├ Proso millet | K43: 0 | L43: 00000000 | M43: 99999999
A44: 43 | B44: J9FA19160000 | C44: もろこし | D44: もろこし | E44: Sorghum | F44: 4 | G44: │ │ ├ もろこし | H44: │ │ ├ Sorghum | K44: 0 | L44: 00000000 | M44: 99999999
A45: 44 | B45: J9FA19170000 | C45: はとむぎ | D45: はとむぎ | E45: Job's tears | F45: 4 | G45: │ │ ├ はとむぎ | H45: │ │ ├ Job's tears | K45: 0 | L45: 00000000 | M45: 99999999
A46: 45 | B46: J9FA19180000 | C46: アマランス | D46: あまらんす | E46: Amaranth | F46: 4 | G46: │ │ ├ アマランス | H46: │ │ ├ Amaranth | K46: 2 | L46: 00000000 | M46: 99999999
A47: 46 | B47: J9FA19190000 | C47: キヌア | D47: きぬあ | E47: Quinoa | F47: 4 | G47: │ │ ├ キヌア | H47: │ │ ├ Quinoa | K47: 0 | L47: 00000000 | M47: 99999999
A48: 47 | B48: J9FA19980000 | C48: 雑穀（その他） | D48: ざっこく（そのた） | E48: Minor grains (Other) | F48: 4 | G48: │ │ ├ 雑穀（その他） | H48: │ │ ├ Minor grains (Other) | K48: 0 | L48: 00000000 | M48: 99999999
A49: 48 | B49: J9FA19990000 | C49: 雑穀（詳細不明） | D49: ざっこく（しょうさいふめい） | E49: Minor grains (N.O.S) | F49: 4 | G49: │ │ └ 雑穀（詳細不明） | H49: │ │ └ Minor grains (N.O.S) | K49: 0 | L49: 00000000 | M49: 99999999
A50: 49 | B50: J9FA21000000 | C50: 豆類 | D50: まめるい | E50: Beans | F50: 3 | G50: │ ├ 豆類 | H50: │ ├ Beans | I50: 1 | K50: 0 | L50: 00000000 | M50: 99999999
A51: 50 | B51: J9FA21000011 | C51: 豆粉 | D51: まめこ | E51: Bean flour | F51: 6 | G51: │ │ ├ 豆粉 | H51: │ │ ├ Bean flour | K51: 0 | L51: 00000000 | M51: 99999999
A52: 51 | B52: J9FA21000012 | C52: 煮豆 | D52: にまめ | E52: Cooked beans | F52: 6 | G52: │ │ ├ 煮豆 | H52: │ │ ├ Cooked beans | K52: 0 | L52: 00000000 | M52: 99999999
A53: 52 | B53: J9FA21000013 | C53: いり豆 | D53: いりまめ | E53: Roasted beans | F53: 6 | G53: │ │ └ いり豆 | H53: │ │ └ Roasted beans | K53: 0 | L53: 00000000 | M53: 99999999
A54: 53 | B54: J9FA21110000 | C54: 大豆 | D54: だいず | E54: Soybeans | F54: 4 | G54: │ │ ├ 大豆 | H54: │ │ ├ Soybeans | I54: 1 | J54: 1 | K54: 0 | L54: 00000000 | M54: 99999999
A55: 54 | B55: J9FA21110011 | C55: 大豆粉 | D55: だいずこ | E55: Soybean flour | F55: 6 | G55: │ │ │ ├ 大豆粉 | H55: │ │ │ ├ Soybean flour | K55: 0 | L55: 00000000 | M55: 99999999
A56: 55 | B56: J9FA21110012 | C56: 豆腐 | D56: とうふ | E56: Tofu | F56: 6 | G56: │ │ │ ├ 豆腐 | H56: │ │ │ ├ Tofu | I56: 1 | J56: 1 | K56: 0 | L56: 00000000 | M56: 99999999
A57: 56 | B57: J9FA21110013 | C57: 油揚げ | D57: あぶらあげ | E57: Deep-fried tofu | F57: 6 | G57: │ │ │ ├ 油揚げ | H57: │ │ │ ├ Deep-fried tofu | K57: 0 | L57: 00000000 | M57: 99999999
A58: 57 | B58: J9FA21110014 | C58: 生あげ | D58: なまあげ | E58: Fresh deep-fried tofu | F58: 6 | G58: │ │ │ ├ 生あげ | H58: │ │ │ ├ Fresh deep-fried tofu | K58: 0 | L58: 00000000 | M58: 99999999
A59: 58 | B59: J9FA21110015 | C59: がんもどき | D59: がんもどき | E59: Ganmodoki | F59: 6 | G59: │ │ │ ├ がんもどき | H59: │ │ │ ├ Ganmodoki | K59: 0 | L59: 00000000 | M59: 99999999
A60: 59 | B60: J9FA21110016 | C60: ゆば | D60: ゆば | E60: Yuba | F60: 6 | G60: │ │ │ ├ ゆば | H60: │ │ │ ├ Yuba | K60: 0 | L60: 00000000 | M60: 99999999
A61: 60 | B61: J9FA21110017 | C61: 納豆 | D61: なっとう | E61: Natto (Fermented soybeans) | F61: 6 | G61: │ │ │ ├ 納豆 | H61: │ │ │ ├ Natto (Fermented soybeans) | I61: 1 | J61: 1 | K61: 0 | L61: 00000000 | M61: 99999999
A62: 61 | B62: J9FA21110018 | C62: きなこ | D62: きなこ | E62: Roasted soybean flour | F62: 6 | G62: │ │ │ ├ きなこ | H62: │ │ │ ├ Roasted soybean flour | K62: 0 | L62: 00000000 | M62: 99999999
A63: 62 | B63: J9FA21110019 | C63: 豆乳 | D63: とうにゅう | E63: Soy milk | F63: 6 | G63: │ │ │ ├ 豆乳 | H63: │ │ │ ├ Soy milk | I63: 1 | J63: 1 | K63: 0 | L63: 00000000 | M63: 99999999
A64: 63 | B64: J9FA21110021 | C64: 特異的IgE Gly m 4 (大豆由来) | D64: とくいてきあいじーいーぐりしんえむふぉー（だいずゆらい） | E64: Specific IgE Gly m 4 (from soybeans) | F64: 6 | G64: │ │ │ └ 特異的IgE Gly m 4 (大豆由来) | H64: │ │ │ └ Specific IgE Gly m 4 (from soybeans) | K64: 2 | L64: 00000000 | M64: 99999999
A65: 64 | B65: J9FA21120000 | C65: 小豆 | D65: あずき | E65: Adzuki beans | F65: 4 | G65: │ │ ├ 小豆 | H65: │ │ ├ Adzuki beans | I65: 1 | K65: 0 | L65: 00000000 | M65: 99999999
A66: 65 | B66: J9FA21120011 | C66: あずき粉 | D66: あずきこ | E66: Adzuki bean powder | F66: 6 | G66: │ │ │ ├ あずき粉 | H66: │ │ │ ├ Adzuki bean powder | K66: 0 | L66: 00000000 | M66: 99999999
A67: 66 | B67: J9FA21120012 | C67: ゆであずき | D67: ゆであずき | E67: Boiled adzuki beans | F67: 6 | G67: │ │ │ ├ ゆであずき | H67: │ │ │ ├ Boiled adzuki beans | K67: 0 | L67: 00000000 | M67: 99999999
A68: 67 | B68: J9FA21120013 | C68: あん | D68: あん | E68: Red bean paste | F68: 6 | G68: │ │ │ └ あん | H68: │ │ │ └ Red bean paste | K68: 0 | L68: 00000000 | M68: 99999999
A69: 68 | B69: J9FA21130000 | C69: いんげん | D69: いんげん | E69: Green beans | F69: 4 | G69: │ │ ├ いんげん | H69: │ │ ├ Green beans | K69: 0 | L69: 00000000 | M69: 99999999
A70: 69 | B70: J9FA21130011 | C70: いんげん豆粉 | D70: いんげんまめこ | E70: Green bean flour | F70: 6 | G70: │ │ │ └ いんげん豆粉 | H70: │ │ │ └ Green bean flour | K70: 0 | L70: 00000000 | M70: 99999999
A71: 70 | B71: J9FA21131100 | C71: うずら | D71: うずら | E71: Quail | F71: 5 | G71: │ │ │ ├ うずら | H71: │ │ │ ├ Quail | K71: 0 | L71: 00000000 | M71: 99999999
A72: 71 | B72: J9FA21131200 | C72: 手亡 | D72: てぼう | E72: White kidney beans | F72: 5 | G72: │ │ │ ├ 手亡 | H72: │ │ │ ├ White kidney beans | K72: 0 | L72: 00000000 | M72: 99999999
A73: 72 | B73: J9FA21131300 | C73: 金時 | D73: きんとき | E73: Red kidney beans | F73: 5 | G73: │ │ │ ├ 金時 | H73: │ │ │ ├ Red kidney beans | K73: 0 | L73: 00000000 | M73: 99999999
A74: 73 | B74: J9FA21131400 | C74: とら豆 | D74: とらまめ | E74: Tora beans | F74: 5 | G74: │ │ │ ├ とら豆 | H74: │ │ │ ├ Tora beans | K74: 0 | L74: 00000000 | M74: 99999999
A75: 74 | B75: J9FA21131500 | C75: 白花豆 | D75: しろはなまめ | E75: White flower beans | F75: 5 | G75: │ │ │ ├ 白花豆 | H75: │ │ │ ├ White flower beans | K75: 0 | L75: 00000000 | M75: 99999999
A76: 75 | B76: J9FA21131600 | C76: 大福豆 | D76: おおふくまめ | E76: Oohukumame | F76: 5 | G76: │ │ │ └ 大福豆 | H76: │ │ │ └ Oohukumame | K76: 2 | L76: 00000000 | M76: 99999999
A77: 76 | B77: J9FA21140000 | C77: えんどう | D77: えんどう | E77: Peas | F77: 4 | G77: │ │ ├ えんどう | H77: │ │ ├ Peas | J77: 1 | K77: 0 | L77: 00000000 | M77: 99999999
A78: 77 | B78: J9FA21141100 | C78: さやえんどう | D78: さやえんどう | E78: Pea pods | F78: 5 | G78: │ │ │ ├ さやえんどう | H78: │ │ │ ├ Pea pods | K78: 0 | L78: 00000000 | M78: 99999999
A79: 78 | B79: J9FA21141200 | C79: スナップえんどう | D79: すなっぷえんどう | E79: Snap peas | F79: 5 | G79: │ │ │ ├ スナップえんどう | H79: │ │ │ ├ Snap peas | K79: 0 | L79: 00000000 | M79: 99999999
A80: 79 | B80: J9FA21141300 | C80: グリーンピース | D80: ぐりーんぴーす | E80: Green peas | F80: 5 | G80: │ │ │ └ グリーンピース | H80: │ │ │ └ Green peas | K80: 0 | L80: 00000000 | M80: 99999999
A81: 80 | B81: J9FA21150000 | C81: ささげ | D81: ささげ | E81: Sasage | F81: 4 | G81: │ │ ├ ささげ | H81: │ │ ├ Sasage | K81: 0 | L81: 00000000 | M81: 99999999
A82: 81 | B82: J9FA21170000 | C82: 緑豆 | D82: りょくとう、りょくず | E82: Mung beans | F82: 4 | G82: │ │ ├ 緑豆 | H82: │ │ ├ Mung beans | K82: 2 | L82: 00000000 | M82: 99999999
A83: 82 | B83: J9FA21180000 | C83: 落花生（ピーナッツ） | D83: らっかせい（ぴーなっつ） | E83: Peanuts | F83: 4 | G83: │ │ ├落花生（ピーナッツ） | H83: │ │ ├ Peanuts | I83: 1 | J83: 1 | K83: 0 | L83: 00000000 | M83: 99999999
A84: 83 | B84: J9FA21180011 | C84: ピーナッツバター | D84: ぴーなっつばたー | E84: Peanut butter | F84: 6 | G84: │ │ │ ├ ピーナッツバター | H84: │ │ │ ├ Peanut butter | K84: 0 | L84: 00000000 | M84: 99999999
A85: 84 | B85: J9FA21180012 | C85: 特異的IgE Ara h2（ピーナッツ由来） | D85: とくいてきあいじーいーあらにんえいちつー（ぴーなっつゆらい） | E85: Specific IgE Ara h2 (from peanuts) | F85: 6 | G85: │ │ │ └ 特異的IgE Ara h2（ピーナッツ由来） | H85: │ │ │ └ Specific IgE Ara h2 (from peanuts) | K85: 2 | L85: 00000000 | M85: 99999999
A86: 85 | B86: J9FA21190000 | C86: キドニー豆 | D86: きどにーまめ | E86: Kidney beans | F86: 4 | G86: │ │ ├ キドニー豆 | H86: │ │ ├ Kidney beans | K86: 0 | L86: 00000000 | M86: 99999999
A87: 86 | B87: J9FA21210000 | C87: レンズ豆 | D87: れんずまめ | E87: Lentils | F87: 4 | G87: │ │ ├ レンズ豆 | H87: │ │ ├ Lentils | K87: 0 | L87: 00000000 | M87: 99999999
A88: 87 | B88: J9FA21220000 | C88: ヒヨコ豆 | D88: ひよこまめ | E88: Chickpeas | F88: 4 | G88: │ │ ├ ヒヨコ豆 | H88: │ │ ├ Chickpeas | J88: 1 | K88: 0 | L88: 00000000 | M88: 99999999
A89: 88 | B89: J9FA21230000 | C89: ライ豆 | D89: らいまめ | E89: Lima beans | F89: 4 | G89: │ │ ├ ライ豆 | H89: │ │ ├ Lima beans | K89: 0 | L89: 00000000 | M89: 99999999
A90: 89 | B90: J9FA21980000 | C90: 豆類（その他） | D90: まめるい（そのた） | E90: Beans (Other) | F90: 4 | G90: │ │ ├ 豆類（その他） | H90: │ │ ├ Beans (Other) | K90: 0 | L90: 00000000 | M90: 99999999
A91: 90 | B91: J9FA21990000 | C91: 豆類（詳細不明） | D91: まめるい（しょうさいふめい） | E91: Beans (N.O.S) | F91: 4 | G91: │ │ └ 豆類（詳細不明） | H91: │ │ └ Beans (N.O.S) | K91: 0 | L91: 00000000 | M91: 99999999
A92: 91 | B92: J9FA22000000 | C92: 粉類 | D92: こなるい | E92: Flours | F92: 3 | G92: │ ├ 粉類 | H92: │ ├ Flours | K92: 0 | L92: 00000000 | M92: 99999999
A93: 92 | B93: J9FA22110000 | C93: 調整雑粉 | D93: ちょうせいざっぷん | E93: Miscellaneous flour | F93: 4 | G93: │ │ ├ 調整雑粉 | H93: │ │ ├ Miscellaneous flour | K93: 0 | L93: 00000000 | M93: 99999999
A94: 93 | B94: J9FA22111100 | C94: プレミックス | D94: ぷれみっくす | E94: Premixes | F94: 5 | G94: │ │ │ ├ プレミックス | H94: │ │ │ ├ Premixes | K94: 0 | L94: 00000000 | M94: 99999999
A95: 94 | B95: J9FA22111200 | C95: パン類ミックス | D95: ぱんるいみっくす | E95: Bread mixes | F95: 5 | G95: │ │ │ ├ パン類ミックス | H95: │ │ │ ├ Bread mixes | K95: 2 | L95: 00000000 | M95: 99999999
A96: 95 | B96: J9FA22111300 | C96: ケーキ類ミックス | D96: けーきるいみっくす | E96: Cake mixes | F96: 5 | G96: │ │ │ ├ ケーキ類ミックス | H96: │ │ │ ├ Cake mixes | K96: 0 | L96: 00000000 | M96: 99999999
A97: 96 | B97: J9FA22111400 | C97: 調理用ミックス | D97: ちょうりようみっくす | E97: Cooking mixes | F97: 5 | G97: │ │ │ └ 調理用ミックス | H97: │ │ │ └ Cooking mixes | K97: 0 | L97: 00000000 | M97: 99999999
A98: 97 | B98: J9FA22980000 | C98: 粉類（その他） | D98: こなるい（そのた） | E98: Flours (Other) | F98: 4 | G98: │ │ ├ 粉類（その他） | H98: │ │ ├ Flours (Other) | K98: 0 | L98: 00000000 | M98: 99999999
A99: 98 | B99: J9FA22990000 | C99: 粉類（詳細不明） | D99: こなるい（しょうさいふめい） | E99: Flours (N.O.S) | F99: 4 | G99: │ │ └ 粉類（詳細不明） | H99: │ │ └ Flours (N.O.S) | K99: 0 | L99: 00000000 | M99: 99999999
A100: 99 | B100: J9FA23000000 | C100: でん粉 | D100: でんぷん | E100: Starch | F100: 3 | G100: │ ├ でん粉 | H100: │ ├ Starch | K100: 0 | L100: 00000000 | M100: 99999999
...

Sheet Nコード表
A1: SEQ | B1: JFAGY code | C1: Allergen Term（JP） | D1: Furigana（JP） | E1: Allergen Term（EN） | F1: Level | G1: Ascii Tree（JP） | H1: Ascii Tree（EN） | I1: Main 100 | J1: Clinical Guideline | K1: CXGCATEGORY | L1: RECORDDATE | M1: ENDDATE
A2: 1130 | B2: 00N | C2: 非食品・非医薬品 | D2: ひしょくひん・ひいやくひん | E2: Non-food non-medication | F2: 1 | G2: 非食品・非医薬品 | H2: Non-food non-medication | I2: 1 | L2: 00000000 | M2: 99999999
A3: 1131 | B3: J9NJ00000000 | C3: 動物 | D3: どうぶつ | E3: Animals | F3: 2 | G3: ├ 動物 | H3: ├ Animals | I3: 1 | L3: 00000000 | M3: 99999999
A4: 1132 | B4: J9NJ11000000 | C4: 鳥類 | D4: ちょうるい | E4: Birds | F4: 3 | G4: │ ├ 鳥類 | H4: │ ├ Birds | I4: 1 | L4: 00000000 | M4: 99999999
A5: 1133 | B5: J9NJ11110000 | C5: アヒル | D5: あひる | E5: Duck | F5: 4 | G5: │ │ ├ アヒル | H5: │ │ ├ Duck | L5: 00000000 | M5: 99999999
A6: 1134 | B6: J9NJ11110011 | C6: アヒル羽毛 | D6: あひるうもう | E6: Duck feathers | F6: 6 | G6: │ │ │ └ アヒル羽毛 | H6: │ │ │ └ Duck feathers | L6: 00000000 | M6: 99999999
A7: 1135 | B7: J9NJ11120000 | C7: オウム | D7: おうむ | E7: Parrot | F7: 4 | G7: │ │ ├ オウム | H7: │ │ ├ Parrot | L7: 00000000 | M7: 99999999
A8: 1136 | B8: J9NJ11120011 | C8: オウム羽毛 | D8: おうむうもう | E8: Parrot feathers | F8: 6 | G8: │ │ │ └ オウム羽毛 | H8: │ │ │ └ Parrot feathers | L8: 00000000 | M8: 99999999
A9: 1137 | B9: J9NJ11130000 | C9: ガチョウ | D9: がちょう | E9: Goose | F9: 4 | G9: │ │ ├ ガチョウ | H9: │ │ ├ Goose | L9: 00000000 | M9: 99999999
A10: 1138 | B10: J9NJ11130011 | C10: ガチョウ羽毛 | D10: がちょううもう | E10: Goose feathers | F10: 6 | G10: │ │ │ └ ガチョウ羽毛 | H10: │ │ │ └ Goose feathers | L10: 00000000 | M10: 99999999
A11: 1139 | B11: J9NJ11140000 | C11: カナリヤ | D11: かなりや | E11: Canary | F11: 4 | G11: │ │ ├ カナリヤ | H11: │ │ ├ Canary | L11: 00000000 | M11: 99999999
A12: 1140 | B12: J9NJ11140011 | C12: カナリヤ羽毛 | D12: かなりやうもう | E12: Canary feathers | F12: 6 | G12: │ │ │ └ カナリヤ羽毛 | H12: │ │ │ └ Canary feathers | L12: 00000000 | M12: 99999999
A13: 1141 | B13: J9NJ11150000 | C13: ニワトリ | D13: にわとり | E13: Chicken | F13: 4 | G13: │ │ ├ ニワトリ | H13: │ │ ├ Chicken | L13: 00000000 | M13: 99999999
A14: 1142 | B14: J9NJ11150011 | C14: ニワトリ羽毛 | D14: にわとりうもう | E14: Chicken feathers | F14: 6 | G14: │ │ │ └ ニワトリ羽毛 | H14: │ │ │ └ Chicken feathers | L14: 00000000 | M14: 99999999
A15: 1143 | B15: J9NJ11160000 | C15: セキセイインコ | D15: せきせいいんこ | E15: Budgerigar | F15: 4 | G15: │ │ ├ セキセイインコ | H15: │ │ ├ Budgerigar | L15: 00000000 | M15: 99999999
A16: 1144 | B16: J9NJ11160011 | C16: セキセイインコ羽毛 | D16: せきせいいんこうもう | E16: Budgerigar feathers | F16: 6 | G16: │ │ │ ├ セキセイインコ羽毛 | H16: │ │ │ ├ Budgerigar feathers | L16: 00000000 | M16: 99999999
... A22: 1150 | B22: J9NJ11990000 | C22: 鳥類（詳細不明） | D22: ちょうるい（しょうさいふめい） | E22: Birds (N.O.S) | F22: 4 | G22: │ │ └ 鳥類（詳細不明） | H22: │ │ └ Birds (N.O.S) | L22: 00000000 | M22: 99999999
A23: 1151 | B23: J9NJ12000000 | C23: 哺乳類 | D23: ほにゅうるい | E23: Mammals | F23: 3 | G23: │ └ 哺乳類 | H23: │ └ Mammals | I23: 1 | L23: 00000000 | M23: 99999999
A24: 1152 | B24: J9NJ12110000 | C24: イヌ | D24: いぬ | E24: Dog | F24: 4 | G24: │ ├ イヌ | H24: │ ├ Dog | I24: 1 | J24: 1 | L24: 00000000 | M24: 99999999
A25: 1153 | B25: J9NJ12110011 | C25: イヌ上皮 | D25: いぬじょうひ | E25: Dog epithelium | F25: 6 | G25: │ │ ├ イヌ上皮 | H25: │ │ ├ Dog epithelium | L25: 00000000 | M25: 99999999
A26: 1154 | B26: J9NJ12110012 | C26: イヌ皮屑 | D26: いぬひせつ | E26: Dog dander | F26: 6 | G26: │ │ └ イヌ皮屑 | H26: │ │ └ Dog dander | J26: 1 | L26: 00000000 | M26: 99999999
A27: 1155 | B27: J9NJ12120000 | C27: ウサギ | D27: うさぎ | E27: Rabbit | F27: 4 | G27: │ ├ ウサギ | H27: │ ├ Rabbit | L27: 00000000 | M27: 99999999
A28: 1156 | B28: J9NJ12120011 | C28: ウサギ上皮 | D28: うさぎじょうひ | E28: Rabbit epithelium | F28: 6 | G28: │ │ ├ ウサギ上皮 | H28: │ │ ├ Rabbit epithelium | L28: 00000000 | M28: 99999999
A29: 1157 | B29: J9NJ12120012 | C29: ウサギ皮屑 | D29: うさぎひせつ | E29: Rabbit dander | F29: 6 | G29: │ │ └ ウサギ皮屑 | H29: │ │ └ Rabbit dander | J29: 1 | L29: 00000000 | M29: 99999999
A30: 1158 | B30: J9NJ12130000 | C30: ウシ | D30: うし | E30: Cow | F30: 4 | G30: │ ├ ウシ | H30: │ ├ Cow | L30: 00000000 | M30: 99999999
A31: 1159 | B31: J9NJ12130011 | C31: ウシ皮屑 | D31: うしひせつ | E31: Cow dander | F31: 6 | G31: │ │ └ ウシ皮屑 | H31: │ │ └ Cow dander | J31: 1 | L31: 00000000 | M31: 99999999
A32: 1160 | B32: J9NJ12140000 | C32: ウマ | D32: うま | E32: Horse | F32: 4 | G32: │ ├ ウマ | H32: │ ├ Horse | L32: 00000000 | M32: 99999999
A33: 1161 | B33: J9NJ12140011 | C33: ウマ皮屑 | D33: うまひせつ | E33: Horse dander | F33: 6 | G33: │ │ └ ウマ皮屑 | H33: │ │ └ Horse dander | J33: 1 | L33: 00000000 | M33: 99999999
A34: 1162 | B34: J9NJ12150000 | C34: ネコ | D34: ねこ | E34: Cat | F34: 4 | G34: │ ├ ネコ | H34: │ ├ Cat | I34: 1 | L34: 00000000 | M34: 99999999
A35: 1163 | B35: J9NJ12150011 | C35: ネコ上皮 | D35: ねこじょうひ | E35: Cat epithelium | F35: 6 | G35: │ │ ├ ネコ上皮 | H35: │ │ ├ Cat epithelium | L35: 00000000 | M35: 99999999
A36: 1164 | B36: J9NJ12150012 | C36: ネコ皮屑 | D36: ねこひせつ | E36: Cat dander | F36: 6 | G36: │ │ └ ネコ皮屑 | H36: │ │ └ Cat dander | J36: 1 | L36: 00000000 | M36: 99999999
A37: 1165 | B37: J9NJ12160000 | C37: ハムスター | D37: はむすたー | E37: Hamster | F37: 4 | G37: │ ├ ハムスター | H37: │ ├ Hamster | L37: 00000000 | M37: 99999999
A38: 1166 | B38: J9NJ12160011 | C38: ハムスター上皮 | D38: はむすたーじょうひ | E38: Hamster epithelium | F38: 6 | G38: │ │ └ ハムスター上皮 | H38: │ │ └ Hamster epithelium | L38: 00000000 | M38: 99999999
A39: 1167 | B39: J9NJ12170000 | C39: ヒツジ | D39: ひつじ | E39: Sheep | F39: 4 | G39: │ ├ ヒツジ | H39: │ ├ Sheep | L39: 00000000 | M39: 99999999
A40: 1168 | B40: J9NJ12170011 | C40: ヒツジ上皮 | D40: ひつじじょうひ | E40: Sheep epithelium | F40: 6 | G40: │ │ └ ヒツジ上皮 | H40: │ │ └ Sheep epithelium | L40: 00000000 | M40: 99999999
A41: 1169 | B41: J9NJ12180000 | C41: ブタ | D41: ぶた | E41: Pig | F41: 4 | G41: │ ├ ブタ | H41: │ ├ Pig | L41: 00000000 | M41: 99999999
A42: 1170 | B42: J9NJ12180011 | C42: ブタ上皮 | D42: ぶたじょうひ | E42: Pig epithelium | F42: 6 | G42: │ │ └ ブタ上皮 | H42: │ │ └ Pig epithelium | L42: 00000000 | M42: 99999999
A43: 1171 | B43: J9NJ12190000 | C43: マウス | D43: まうす | E43: Mouse | F43: 4 | G43: │ ├ マウス | H43: │ ├ Mouse | J43: 1 | L43: 00000000 | M43: 99999999
A44: 1172 | B44: J9NJ12190011 | C44: マウス上皮 | D44: まうすじょうひ | E44: Mouse epithelium | F44: 6 | G44: │ │ ├ マウス上皮 | H44: │ │ ├ Mouse epithelium | L44: 00000000 | M44: 99999999
A45: 1173 | B45: J9NJ12190012 | C45: マウス皮屑 | D45: まうすひせつ | E45: Mouse dander | F45: 6 | G45: │ │ ├ マウス皮屑 | H45: │ │ ├ Mouse dander | L45: 00000000 | M45: 99999999
A46: 1174 | B46: J9NJ12190013 | C46: マウス血清蛋白 | D46: まうすけっせいたんぱく | E46: Mouse serum protein | F46: 6 | G46: │ │ ├ マウス血清蛋白 | H46: │ │ ├ Mouse serum protein | L46: 00000000 | M46: 99999999
A47: 1175 | B47: J9NJ12190014 | C47: マウス尿蛋白 | D47: まうすにょうたんぱく | E47: Mouse urine protein | F47: 6 | G47: │ │ └ マウス尿蛋白 | H47: │ │ └ Mouse urine protein | L47: 00000000 | M47: 99999999
A48: 1176 | B48: J9NJ12210000 | C48: モルモット | D48: もるもっと | E48: Guinea pig | F48: 4 | G48: │ ├ モルモット | H48: │ ├ Guinea pig | J48: 1 | L48: 00000000 | M48: 99999999
A49: 1177 | B49: J9NJ12210011 | C49: モルモット上皮 | D49: もるもっとじょうひ | E49: Guinea pig epithelium | F49: 6 | G49: │ │ └ モルモット上皮 | H49: │ │ └ Guinea pig epithelium | L49: 00000000 | M49: 99999999
A50: 1178 | B50: J9NJ12220000 | C50: ヤギ | D50: やぎ | E50: Goat | F50: 4 | G50: │ ├ ヤギ | H50: │ ├ Goat | L50: 00000000 | M50: 99999999
A51: 1179 | B51: J9NJ12220011 | C51: ヤギ上皮 | D51: やぎじょうひ | E51: Goat epithelium | F51: 6 | G51: │ │ └ ヤギ上皮 | H51: │ │ └ Goat epithelium | L51: 00000000 | M51: 99999999
A52: 1180 | B52: J9NJ12230000 | C52: ラット | D52: らっと | E52: Rat | F52: 4 | G52: │ ├ ラット | H52: │ ├ Rat | J52: 1 | L52: 00000000 | M52: 99999999
A53: 1181 | B53: J9NJ12230011 | C53: ラット上皮 | D53: らっとじょうひ | E53: Rat epithelium | F53: 6 | G53: │ │ ├ ラット上皮 | H53: │ │ ├ Rat epithelium | L53: 00000000 | M53: 99999999
A54: 1182 | B54: J9NJ12230012 | C54: ラット皮屑 | D54: らっとひせつ | E54: Rat dander | F54: 6 | G54: │ │ ├ ラット皮屑 | H54: │ │ ├ Rat dander | L54: 00000000 | M54: 99999999
A55: 1183 | B55: J9NJ12230013 | C55: ラット血清蛋白 | D55: らっとけっせいたんぱく | E55: Rat serum protein | F55: 6 | G55: │ │ ├ ラット血清蛋白 | H55: │ │ ├ Rat serum protein | L55: 00000000 | M55: 99999999
A56: 1184 | B56: J9NJ12230014 | C56: ラット尿蛋白 | D56: らっとにょうたんぱく | E56: Rat urine protein | F56: 6 | G56: │ │ └ ラット尿蛋白 | H56: │ │ └ Rat urine protein | L56: 00000000 | M56: 99999999
A57: 1185 | B57: J9NJ12980000 | C57: 哺乳類（その他） | D57: ほにゅうるい（そのた） | E57: Mammals (Other) | F57: 4 | G57: │ ├ 哺乳類（その他） | H57: │ ├ Mammals (Other) | L57: 00000000 | M57: 99999999
A58: 1186 | B58: J9NJ12990000 | C58: 哺乳類（詳細不明） | D58: ほにゅうるい（しょうさいふめい） | E58: Mammals (N.O.S) | F58: 4 | G58: │ └ 哺乳類（詳細不明） | H58: │ └ Mammals (N.O.S) | L58: 00000000 | M58: 99999999
A59: 1187 | B59: J9NK00000000 | C59: 植物 | D59: しょくぶつ | E59: Plants | F59: 2 | G59: ├ 植物 | H59: ├ Plants | I59: 1 | J59: 1 | L59: 00000000 | M59: 99999999
A60: 1188 | B60: J9NK11000000 | C60: イネ科 | D60: いねか | E60: Poaceae | F60: 3 | G60: │ ├ イネ科 | H60: │ ├ Poaceae | I60: 1 | J60: 1 | L60: 00000000 | M60: 99999999
A61: 1189 | B61: J9NK11110000 | C61: ハルガヤ | D61: はるがや | E61: False oat-grass | F61: 4 | G61: │ │ ├ ハルガヤ | H61: │ │ ├ False oat-grass | L61: 00000000 | M61: 99999999
A62: 1190 | B62: J9NK11120000 | C62: ギョウギシバ | D62: ぎょうぎしば | E62: Bermuda grass | F62: 4 | G62: │ │ ├ ギョウギシバ | H62: │ │ ├ Bermuda grass | L62: 00000000 | M62: 99999999
A63: 1191 | B63: J9NK11130000 | C63: カモガヤ | D63: かもがや | E63: Timothy grass | F63: 4 | G63: │ │ ├ カモガヤ | H63: │ │ ├ Timothy grass | J63: 1 | L63: 00000000 | M63: 99999999
A64: 1192 | B64: J9NK11140000 | C64: ヒロハウシノケグサ | D64: ひろはうしのけぐさ | E64: Orchard grass | F64: 4 | G64: │ │ ├ ヒロハウシノケグサ | H64: │ │ ├ Orchard grass | L64: 00000000 | M64: 99999999
A65: 1193 | B65: J9NK11150000 | C65: ホソムギ | D65: ほそむぎ | E65: Ryegrass | F65: 4 | G65: │ │ ├ ホソムギ | H65: │ │ ├ Ryegrass | L65: 00000000 | M65: 99999999
A66: 1194 | B66: J9NK11160000 | C66: オオアワガエリ | D66: おおあわがえり | E66: Italian ryegrass | F66: 4 | G66: │ │ ├ オオアワガエリ | H66: │ │ ├ Italian ryegrass | L66: 00000000 | M66: 99999999
A67: 1195 | B67: J9NK11170000 | C67: アシ | D67: あし | E67: Common reed | F67: 4 | G67: │ │ ├ アシ | H67: │ │ ├ Common reed | L67: 00000000 | M67: 99999999
A68: 1196 | B68: J9NK11180000 | C68: ナガハグサ | D68: ながはぐさ | E68: Tall fescue | F68: 4 | G68: │ │ ├ ナガハグサ | H68: │ │ ├ Tall fescue | L68: 00000000 | M68: 99999999
A69: 1197 | B69: J9NK11190000 | C69: コヌカグサ | D69: こぬかぐさ | E69: Barnyard grass | F69: 4 | G69: │ │ ├ コヌカグサ | H69: │ │ ├ Barnyard grass | L69: 00000000 | M69: 99999999
A70: 1198 | B70: J9NK11210000 | C70: セイバンモロコシ | D70: せいばんもろこし | E70: Sorghum | F70: 4 | G70: │ │ ├ セイバンモロコシ | H70: │ │ ├ Sorghum | L70: 00000000 | M70: 99999999
A71: 1199 | B71: J9NK11220000 | C71: コスズメノチャヒキ | D71: こすずめのちゃひき | E71: Annual bluegrass | F71: 4 | G71: │ │ ├ コスズメノチャヒキ | H71: │ │ ├ Annual bluegrass | L71: 00000000 | M71: 99999999
A72: 1200 | B72: J9NK11230000 | C72: ライ麦花粉 | D72: らいむぎかふん | E72: Rye pollen | F72: 4 | G72: │ │ ├ ライ麦花粉 | H72: │ │ ├ Rye pollen | L72: 00000000 | M72: 99999999
A73: 1201 | B73: J9NK11240000 | C73: シラゲガヤ | D73: しらげがや | E73: Redtop | F73: 4 | G73: │ │ ├ シラゲガヤ | H73: │ │ ├ Redtop | L73: 00000000 | M73: 99999999
A74: 1202 | B74: J9NK11250000 | C74: オート麦花粉 | D74: おーとむぎかふん | E74: Oat pollen | F74: 4 | G74: │ │ ├ オート麦花粉 | H74: │ │ ├ Oat pollen | L74: 00000000 | M74: 99999999
A75: 1203 | B75: J9NK11260000 | C75: 小麦花粉 | D75: こむぎかふん | E75: Wheat pollen | F75: 4 | G75: │ │ ├ 小麦花粉 | H75: │ │ ├ Wheat pollen | L75: 00000000 | M75: 99999999
... A82: 1210 | B82: J9NK11990000 | C82: イネ科（詳細不明） | D82: いねか（しょうさいふめい） | E82: Poaceae (N.O.S) | F82: 4 | G82: │ │ └ イネ科（詳細不明） | H82: │ │ └ Poaceae (N.O.S) | L82: 00000000 | M82: 99999999
A83: 1211 | B83: J9NK12000000 | C83: 草花 | D83: くさばな | E83: Grass flowers | F83: 3 | G83: │ ├ 草花 | H83: │ ├ Grass flowers | I83: 1 | L83: 00000000 | M83: 99999999
A84: 1212 | B84: J9NK12110000 | C84: アオゲイトウ | D84: あおげいとう | E84: Amaranth | F84: 4 | G84: │ │ ├ アオゲイトウ | H84: │ │ ├ Amaranth | L84: 00000000 | M84: 99999999
A85: 1213 | B85: J9NK12120000 | C85: アキノキリンソウ | D85: あきのきりんそう | E85: Goldenrod | F85: 4 | G85: │ │ ├ アキノキリンソウ | H85: │ │ ├ Goldenrod | L85: 00000000 | M85: 99999999
A86: 1214 | B86: J9NK12130000 | C86: イソホウキ | D86: いそほうき | E86: Sea lavender | F86: 4 | G86: │ │ ├ イソホウキ | H86: │ │ ├ Sea lavender | L86: 00000000 | M86: 99999999
A87: 1215 | B87: J9NK12140000 | C87: イラクサ | D87: いらくさ | E87: Nettle | F87: 4 | G87: │ │ ├ イラクサ | H87: │ │ ├ Nettle | J87: 1 | L87: 00000000 | M87: 99999999
A88: 1216 | B88: J9NK12150000 | C88: オオブタクサ | D88: おおぶたくさ | E88: Giant ragweed | F88: 4 | G88: │ │ ├ オオブタクサ | H88: │ │ ├ Giant ragweed | L88: 00000000 | M88: 99999999
A89: 1217 | B89: J9NK12160000 | C89: オカヒジキ | D89: おかひじき | E89: Saltwort | F89: 4 | G89: │ │ ├ オカヒジキ | H89: │ │ ├ Saltwort | L89: 00000000 | M89: 99999999
A90: 1218 | B90: J9NK12170000 | C90: オナモミ | D90: おなもみ | E90: Cocklebur | F90: 4 | G90: │ │ ├ オナモミ | H90: │ │ ├ Cocklebur | L90: 00000000 | M90: 99999999
A91: 1219 | B91: J9NK12180000 | C91: カナムグラ | D91: かなむぐら | E91: Hop | F91: 4 | G91: │ │ ├ カナムグラ | H91: │ │ ├ Hop | J91: 1 | L91: 00000000 | M91: 99999999
A92: 1220 | B92: J9NK12190000 | C92: カミツレ | D92: かみつれ | E92: Chamomile | F92: 4 | G92: │ │ ├ カミツレ | H92: │ │ ├ Chamomile | L92: 00000000 | M92: 99999999
A93: 1221 | B93: J9NK12210000 | C93: サクラソウ | D93: さくらそう | E93: Primrose | F93: 4 | G93: │ │ ├ サクラソウ | H93: │ │ ├ Primrose | J93: 1 | L93: 00000000 | M93: 99999999
A94: 1222 | B94: J9NK12210011 | C94: プリミン | D94: ぷりみん | E94: Primine | F94: 6 | G94: │ │ │ └ プリミン | H94: │ │ │ └ Primine | J94: 1 | L94: 00000000 | M94: 99999999
A95: 1223 | B95: J9NK12220000 | C95: シロザ | D95: しろざ | E95: Lamb's quarters | F95: 4 | G95: │ │ ├ シロザ | H95: │ │ ├ Lamb's quarters | L95: 00000000 | M95: 99999999
A96: 1224 | B96: J9NK12230000 | C96: タンポポ | D96: たんぽぽ | E96: Dandelion | F96: 4 | G96: │ │ ├ タンポポ | H96: │ │ ├ Dandelion | L96: 00000000 | M96: 99999999
A97: 1225 | B97: J9NK12240000 | C97: チューリップ | D97: ちゅーりっぷ | E97: Tulip | F97: 4 | G97: │ │ ├ チューリップ | H97: │ │ ├ Tulip | J97: 1 | L97: 00000000 | M97: 99999999
A98: 1226 | B98: J9NK12250000 | C98: ナタネ | D98: なたね | E98: Rapeseed | F98: 4 | G98: │ │ ├ ナタネ | H98: │ │ ├ Rapeseed | L98: 00000000 | M98: 99999999
A99: 1227 | B99: J9NK12260000 | C99: ニガヨモギ | D99: にがよもぎ | E99: Wormwood | F99: 4 | G99: │ │ ├ ニガヨモギ | H99: │ │ ├ Wormwood | L99: 00000000 | M99: 99999999
A100: 1229 | B100: J9NK12280000 | C100: ハマアカザ | D100: はまあかざ | E100: Sea beet | F100: 4 | G100: │ │ ├ ハマアカザ | H100: │ │ ├ Sea beet | L100: 00000000 | M100: 99999999
A101: 1230 | B101: J9NK12290000 | C101: バラ | D101: ばら | E101: Rose | F101: 4 | G101: │ │ ├ バラ | H101: │ │ ├ Rose | J101: 1 | L101: 00000000 | M101: 99999999
A102: 1231 | B102: J9NK12310000 | C102: ヒカゲミズ | D102: ひかげみず | E102: Water hemlock | F102: 4 | G102: │ │ ├ ヒカゲミズ | H102: │ │ ├ Water hemlock | L102: 00000000 | M102: 99999999
A103: 1232 | B103: J9NK12320000 | C103: ヒメスイバ | D103: ひめすいば | E103: Sheep sorrel | F103: 4 | G103: │ │ ├ ヒメスイバ | H103: │ │ ├ Sheep sorrel | K103: 2 | L103: 00000000 | M103: 99999999
A104: 1233 | B104: J9NK12330000 | C104: ブタクサ | D104: ぶたくさ | E104: Ragweed | F104: 4 | G104: │ │ ├ ブタクサ | H104: │ │ ├ Ragweed | I104: 1 | J104: 1 | L104: 00000000 | M104: 99999999
A105: 1234 | B105: J9NK12340000 | C105: ブタクサモドキ | D105: ぶたくさもどき | E105: False ragweed | F105: 4 | G105: │ │ ├ ブタクサモドキ | H105: │ │ ├ False ragweed | L105: 00000000 | M105: 99999999
A106: 1235 | B106: J9NK12350000 | C106: フランスギク | D106: ふらんすぎく | E106: Oxeye daisy | F106: 4 | G106: │ │ ├ フランスギク | H106: │ │ ├ Oxeye daisy | L106: 00000000 | M106: 99999999
A107: 1236 | B107: J9NK12360000 | C107: ヘラオオバコ | D107: へらおおばこ | E107: Plantain | F107: 4 | G107: │ │ ├ ヘラオオバコ | H107: │ │ ├ Plantain | L107: 00000000 | M107: 99999999
A108: 1237 | B108: J9NK12370000 | C108: ヨモギ | D108: よもぎ | E108: Mugwort | F108: 4 | G108: │ │ ├ ヨモギ | H108: │ │ ├ Mugwort | J108: 1 | L108: 00000000 | M108: 99999999
A109: 1238 | B109: J9NK12380000 | C109: ツユクサ | D109: つゆくさ | E109: Dayflower | F109: 4 | G109: │ │ ├ ツユクサ | H109: │ │ ├ Dayflower | J109: 1 | L109: 00000000 | M109: 99999999
A110: 1239 | B110: J9NK12390000 | C110: アロエベラ | D110: あろえべら | E110: Aloe vera | F110: 4 | G110: │ │ ├ アロエベラ | H110: │ │ ├ Aloe vera | J110: 1 | L110: 00000000 | M110: 99999999
A111: 1240 | B111: J9NK12410000 | C111: キダチアロエ | D111: きだちあろえ | E111: Aloe arborescens | F111: 4 | G111: │ │ ├ キダチアロエ | H111: │ │ ├ Aloe arborescens | J111: 1 | L111: 00000000 | M111: 99999999
...

Sheet F-FSH
A1: 相対レベル | B1: FSH
A2: 1 | B2: =REPT(" ",(A2-1)*2)&"* #"&Fコード表!B2&" """&Fコード表!C2&"""" -> * #00F "食品"
A3: =IF(Fコード表!F3>Fコード表!F2,Fコード表!F2+1,IF(Fコード表!F3=Fコード表!F2,A2,Fコード表!F3)) -> 2 | B3: =REPT(" ",(A3-1)*2)&"* #"&Fコード表!B3&" """&Fコード表!C3&"""" -> * #J9FA00000000 "農産食品"
A4: =IF(Fコード表!F4>Fコード表!F3,Fコード表!F3+1,IF(Fコード表!F4=Fコード表!F3,A3,Fコード表!F4)) -> 3 | B4: =REPT(" ",(A4-1)*2)&"* #"&Fコード表!B4&" """&Fコード表!C4&"""" -> * #J9FA11000000 "もみ"
A5: =IF(Fコード表!F5>Fコード表!F4,Fコード表!F4+1,IF(Fコード表!F5=Fコード表!F4,A4,Fコード表!F5)) -> 3 | B5: =REPT(" ",(A5-1)*2)&"* #"&Fコード表!B5&" """&Fコード表!C5&"""" -> * #J9FA12000000 "玄米"
A6: =IF(Fコード表!F6>Fコード表!F5,Fコード表!F5+1,IF(Fコード表!F6=Fコード表!F5,A5,Fコード表!F6)) -> 4 | B6: =REPT(" ",(A6-1)*2)&"* #"&Fコード表!B6&" """&Fコード表!C6&"""" -> * #J9FA12000011 "米ぬか"
A7: =IF(Fコード表!F7>Fコード表!F6,Fコード表!F6+1,IF(Fコード表!F7=Fコード表!F6,A6,Fコード表!F7)) -> 3 | B7: =REPT(" ",(A7-1)*2)&"* #"&Fコード表!B7&" """&Fコード表!C7&"""" -> * #J9FA13000000 "白米"
A8: =IF(Fコード表!F8>Fコード表!F7,Fコード表!F7+1,IF(Fコード表!F8=Fコード表!F7,A7,Fコード表!F8)) -> 4 | B8: =REPT(" ",(A8-1)*2)&"* #"&Fコード表!B8&" """&Fコード表!C8&"""" -> * #J9FA13000011 "もち"
A9: =IF(Fコード表!F9>Fコード表!F8,Fコード表!F8+1,IF(Fコード表!F9=Fコード表!F8,A8,Fコード表!F9)) -> 4 | B9: =REPT(" ",(A9-1)*2)&"* #"&Fコード表!B9&" """&Fコード表!C9&"""" -> * #J9FA13000012 "米粉"
A10: =IF(Fコード表!F10>Fコード表!F9,Fコード表!F9+1,IF(Fコード表!F10=Fコード表!F9,A9,Fコード表!F10)) -> 3 | B10: =REPT(" ",(A10-1)*2)&"* #"&Fコード表!B10&" """&Fコード表!C10&"""" -> * #J9FA14000000 "大麦"
A11: =IF(Fコード表!F11>Fコード表!F10,Fコード表!F10+1,IF(Fコード表!F11=Fコード表!F10,A10,Fコード表!F11)) -> 4 | B11: =REPT(" ",(A11-1)*2)&"* #"&Fコード表!B11&" """&Fコード表!C11&"""" -> * #J9FA14000011 "大麦粉"
A12: =IF(Fコード表!F12>Fコード表!F11,Fコード表!F11+1,IF(Fコード表!F12=Fコード表!F11,A11,Fコード表!F12)) -> 4 | B12: =REPT(" ",(A12-1)*2)&"* #"&Fコード表!B12&" """&Fコード表!C12&"""" -> * #J9FA14000012 "麦茶"
A13: =IF(Fコード表!F13>Fコード表!F12,Fコード表!F12+1,IF(Fコード表!F13=Fコード表!F12,A12,Fコード表!F13)) -> 3 | B13: =REPT(" ",(A13-1)*2)&"* #"&Fコード表!B13&" """&Fコード表!C13&"""" -> * #J9FA15000000 "小麦"
A14: =IF(Fコード表!F14>Fコード表!F13,Fコード表!F13+1,IF(Fコード表!F14=Fコード表!F13,A13,Fコード表!F14)) -> 4 | B14: =REPT(" ",(A14-1)*2)&"* #"&Fコード表!B14&" """&Fコード表!C14&"""" -> * #J9FA15000011 "小麦ふすま"
... A1131: =IF(Fコード表!F1131>Fコード表!F1130,Fコード表!F1130+1,IF(Fコード表!F1131=Fコード表!F1130,A1130,Fコード表!F1131)) -> 3 | B1131: =REPT(" ",(A1131-1)*2)&"* #"&Fコード表!B1131&" """&Fコード表!C1131&"""" -> * #J9FH14000000 "氷"

Sheet N-FSH
A1: 相対レベル | B1: FSH
A2: 1 | B2: =REPT(" ",(A2-1)*2)&"* #"&Nコード表!B2&" """&Nコード表!C2&"""" -> * #00N "非食品・非医薬品"
A3: =IF(Nコード表!F3>Nコード表!F2,Nコード表!F2+1,IF(Nコード表!F3=Nコード表!F2,A2,Nコード表!F3)) -> 2 | B3: =REPT(" ",(A3-1)*2)&"* #"&Nコード表!B3&" """&Nコード表!C3&"""" -> * #J9NJ00000000 "動物"
A4: =IF(Nコード表!F4>Nコード表!F3,Nコード表!F3+1,IF(Nコード表!F4=Nコード表!F3,A3,Nコード表!F4)) -> 3 | B4: =REPT(" ",(A4-1)*2)&"* #"&Nコード表!B4&" """&Nコード表!C4&"""" -> * #J9NJ11000000 "鳥類"
A5: =IF(Nコード表!F5>Nコード表!F4,Nコード表!F4+1,IF(Nコード表!F5=Nコード表!F4,A4,Nコード表!F5)) -> 4 | B5: =REPT(" ",(A5-1)*2)&"* #"&Nコード表!B5&" """&Nコード表!C5&"""" -> * #J9NJ11110000 "アヒル"
A6: =IF(Nコード表!F6>Nコード表!F5,Nコード表!F5+1,IF(Nコード表!F6=Nコード表!F5,A5,Nコード表!F6)) -> 5 | B6: =REPT(" ",(A6-1)*2)&"* #"&Nコード表!B6&" """&Nコード表!C6&"""" -> * #J9NJ11110011 "アヒル羽毛"
A7: =IF(Nコード表!F7>Nコード表!F6,Nコード表!F6+1,IF(Nコード表!F7=Nコード表!F6,A6,Nコード表!F7)) -> 4 | B7: =REPT(" ",(A7-1)*2)&"* #"&Nコード表!B7&" """&Nコード表!C7&"""" -> * #J9NJ11120000 "オウム"
A8: =IF(Nコード表!F8>Nコード表!F7,Nコード表!F7+1,IF(Nコード表!F8=Nコード表!F7,A7,Nコード表!F8)) -> 5 | B8: =REPT(" ",(A8-1)*2)&"* #"&Nコード表!B8&" """&Nコード表!C8&"""" -> * #J9NJ11120011 "オウム羽毛"
A9: =IF(Nコード表!F9>Nコード表!F8,Nコード表!F8+1,IF(Nコード表!F9=Nコード表!F8,A8,Nコード表!F9)) -> 4 | B9: =REPT(" ",(A9-1)*2)&"* #"&Nコード表!B9&" """&Nコード表!C9&"""" -> * #J9NJ11130000 "ガチョウ"
A10: =IF(Nコード表!F10>Nコード表!F9,Nコード表!F9+1,IF(Nコード表!F10=Nコード表!F9,A9,Nコード表!F10)) -> 5 | B10: =REPT(" ",(A10-1)*2)&"* #"&Nコード表!B10&" """&Nコード表!C10&"""" -> * #J9NJ11130011 "ガチョウ羽毛"
A11: =IF(Nコード表!F11>Nコード表!F10,Nコード表!F10+1,IF(Nコード表!F11=Nコード表!F10,A10,Nコード表!F11)) -> 4 | B11: =REPT(" ",(A11-1)*2)&"* #"&Nコード表!B11&" """&Nコード表!C11&"""" -> * #J9NJ11140000 "カナリヤ"
A12: =IF(Nコード表!F12>Nコード表!F11,Nコード表!F11+1,IF(Nコード表!F12=Nコード表!F11,A11,Nコード表!F12)) -> 5 | B12: =REPT(" ",(A12-1)*2)&"* #"&Nコード表!B12&" """&Nコード表!C12&"""" -> * #J9NJ11140011 "カナリヤ羽毛"
A13: =IF(Nコード表!F13>Nコード表!F12,Nコード表!F12+1,IF(Nコード表!F13=Nコード表!F12,A12,Nコード表!F13)) -> 4 | B13: =REPT(" ",(A13-1)*2)&"* #"&Nコード表!B13&" """&Nコード表!C13&"""" -> * #J9NJ11150000 "ニワトリ"
A14: =IF(Nコード表!F14>Nコード表!F13,Nコード表!F13+1,IF(Nコード表!F14=Nコード表!F13,A13,Nコード表!F14)) -> 5 | B14: =REPT(" ",(A14-1)*2)&"* #"&Nコード表!B14&" """&Nコード表!C14&"""" -> * #J9NJ11150011 "ニワトリ羽毛"
... A609: =IF(Nコード表!F609>Nコード表!F608,Nコード表!F608+1,IF(Nコード表!F609=Nコード表!F608,A608,Nコード表!F609)) -> 4 | B609: =REPT(" ",(A609-1)*2)&"* #"&Nコード表!B609&" """&Nコード表!C609&"""" -> * #J9NU11990000 "酸化防止剤（詳細不明）"
