Workbook

Sheet JFAGY（食品・非食品ICD11）V8
A1: SEQ | B1: 商品分類番号 | C1: 商品分類番号０埋め | D1: C | E1: D | F1: E | G1: F | H1: G | I1: H | J1: I | K1: J | L1: JFAGY-Value | M1: 名称 | N1: メタコード | O1: 第１層 | P1: 第１層 | Q1: 第２層_1 | R1: 第２層_2 | S1: 第２層 | T1: 第２層 | U1: 第３層_1 | V1: 第３層_２ | W1: 第３層 | X1: 第３層 | Y1: 第４層_１ | Z1: 第４層_２ | AA1: 第４層 | AB1: 第４層 | AC1: 枝番1 | AD1: 枝番2 | AE1: アレルゲン名称（商品分類の用語） | AF1: アレルゲン名称（PT） | AG1: 削除フラグ | AH1: 不要？ | AI1: メモ | AJ1: 商品分類以外に出現する用語 | AK1: 作業用番号 | AL1: 分類番号 | AM1: 移動 | AN1: JFAGY | AO1: 同義語 | AP1: セット | AQ1: ICD11_URL | AR1: 商品分類表 | AS1: JLAC10 | AT1: ICD10 | AU1: 食品表示法 | AV1: アレルギー総合ガイドライン2019 | AW1: アレルギー疾患の手引き 2020版 | AX1: 食物アレルギーガイドライン2016 | AY1: ジャパニーズスタンダードアレルゲン 2015 | AZ1: アレルギー検査キット（アンブロシア） | BA1: アレルギー検査キット（おおしま皮膚科） | BB1: アレルギー検査キット（US BioTek Laboratories） | BC1: 接触皮膚炎診療ガイドライン 2020 | BD1: ICD11_Allergents | BE1: 出典数合計
A2: 0 | L2: J9F000000000 | M2: 食品 | N2: J9F | O2: 0 | P2: 食品 | Q2: 0 | R2: 0 | S2: 食品 | T2: 食品 | U2: 0 | V2: 0 | W2: 食品 | X2: 食品 | Y2: 0 | Z2: 0 | AA2: 食品 | AB2: 食品 | AC2: 0 | AD2: 0 | AE2: 食品 | AF2: 食品 | AJ2: =IF(OR(AS2=1,AT2=1,AU2=1,AV2=1,AW2=1,AX2=1,AY2=1,AZ2=1,BA2=1,BB2=1,BC2=1,BD2=1),TRUE,FALSE) -> FALSE | AK2: =O2&Q2&R2&U2&V2&Y2&Z2&AC2&AD2 -> 000000000 | AN2: =N2&AK2 -> J9F000000000 | AR2: =IF(AL2<>"",1,"") | AS2: =IF(IFERROR(VLOOKUP(AE2,#REF!,1,0),"")<>"",1,"") | AT2: =IF(IFERROR(VLOOKUP(AE2,#REF!,1,0),"")<>"",1,"") | AU2: =IF(IFERROR(VLOOKUP(AE2,#REF!,1,0),"")<>"",1,"") | AV2: =IF(IFERROR(VLOOKUP(AE2,#REF!,1,0),"")<>"",1,"") | AW2: =IF(IFERROR(VLOOKUP(AE2,#REF!,1,0),"")<>"",1,"") | AX2: =IF(IFERROR(VLOOKUP(AE2,#REF!,1,0),"")<>"",1,"") | AY2: =IF(IFERROR(VLOOKUP(AE2,#REF!,1,0),"")<>"",1,"") | AZ2: =IF(IFERROR(VLOOKUP(AE2,#REF!,1,0),"")<>"",1,"") | BA2: =IF(IFERROR(VLOOKUP(AE2,#REF!,1,0),"")<>"",1,"") | BB2: =IF(IFERROR(VLOOKUP(AE2,#REF!,1,0),"")<>"",1,"") | BC2: =IF(IFERROR(VLOOKUP(AE2,#REF!,1,0),"")<>"",1,"") | BD2: =IF(IFERROR(VLOOKUP(AE2,#REF!,1,0),"")<>"",1,"") | BE2: =SUM(AR2:BD2) -> 0
A3: 1 | B3: 69 | C3: =LEFT(B3 & "000000000", 9) -> 690000000 | D3: =MID(C3,1,2) -> 69 | E3: =MID(C3,3,1) -> 0 | F3: =MID(C3,4,1) -> 0 | G3: =MID(C3,5,1) -> 0 | H3: =MID(C3,6,1) -> 0 | I3: =MID(C3,7,1) -> 0 | J3: =MID(C3,8,1) -> 0 | K3: =MID(C3,9,1) -> 0 | L3: J9FA00000000 | M3: 農産食品 | N3: J9F | O3: A | P3: 農産食品 | Q3: 0 | R3: 0 | S3: 農産食品 | T3: 農産食品 | U3: 0 | V3: 0 | W3: 農産食品 | X3: 農産食品 | Y3: 0 | Z3: 0 | AA3: 農産食品 | AB3: 農産食品 | AC3: 0 | AD3: 0 | AE3: 農産食品 | AF3: 農産食品 | AJ3: =IF(OR(AS3=1,AT3=1,AU3=1,AV3=1,AW3=1,AX3=1,AY3=1,AZ3=1,BA3=1,BB3=1,BC3=1,BD3=1),TRUE,FALSE) -> FALSE | AK3: =O3&Q3&R3&U3&V3&Y3&Z3&AC3&AD3 -> A00000000 | AL3: 69 | AM3: =C3<>AK3 -> TRUE | AN3: =N3&AK3 -> J9FA00000000 | AR3: =IF(AL3<>"",1,"") -> 1 | AS3: =IF(IFERROR(VLOOKUP(AE3,#REF!,1,0),"")<>"",1,"") | AT3: =IF(IFERROR(VLOOKUP(AE3,#REF!,1,0),"")<>"",1,"") | AU3: =IF(IFERROR(VLOOKUP(AE3,#REF!,1,0),"")<>"",1,"") | AV3: =IF(IFERROR(VLOOKUP(AE3,#REF!,1,0),"")<>"",1,"") | AW3: =IF(IFERROR(VLOOKUP(AE3,#REF!,1,0),"")<>"",1,"") | AX3: =IF(IFERROR(VLOOKUP(AE3,#REF!,1,0),"")<>"",1,"") | AY3: =IF(IFERROR(VLOOKUP(AE3,#REF!,1,0),"")<>"",1,"") | AZ3: =IF(IFERROR(VLOOKUP(AE3,#REF!,1,0),"")<>"",1,"") | BA3: =IF(IFERROR(VLOOKUP(AE3,#REF!,1,0),"")<>"",1,"") | BB3: =IF(IFERROR(VLOOKUP(AE3,#REF!,1,0),"")<>"",1,"") | BC3: =IF(IFERROR(VLOOKUP(AE3,#REF!,1,0),"")<>"",1,"") | BD3: =IF(IFERROR(VLOOKUP(AE3,#REF!,1,0),"")<>"",1,"") | BE3: =SUM(AR3:BD3) -> 1
A4: 2 | B4: 691 | C4: =LEFT(B4 & "000000000", 9) -> 691000000 | D4: =MID(C4,1,2) -> 69 | E4: =MID(C4,3,1) -> 1 | F4: =MID(C4,4,1) -> 0 | G4: =MID(C4,5,1) -> 0 | H4: =MID(C4,6,1) -> 0 | I4: =MID(C4,7,1) -> 0 | J4: =MID(C4,8,1) -> 0 | K4: =MID(C4,9,1) -> 0 | M4: 米穀 | O4: A | P4: 農産食品 | Q4: 1 | S4: 米穀 | T4: 米穀 | U4: 0 | V4: 0 | X4: 米穀 | Y4: 0 | Z4: 0 | AB4: 米穀 | AC4: 0 | AD4: 0 | AE4: 米穀 | AG4: 1 | AK4: =O4&Q4&#REF!&U4&V4&Y4&Z4&AC4&AD4 -> #REF! | AL4: 691 | AM4: =C4<>AK4 -> #REF! | AR4: =IF(AL4<>"",1,"") -> 1 | AS4: =IF(IFERROR(VLOOKUP(AE4,#REF!,1,0),"")<>"",1,"") | AT4: =IF(IFERROR(VLOOKUP(AE4,#REF!,1,0),"")<>"",1,"") | AU4: =IF(IFERROR(VLOOKUP(AE4,#REF!,1,0),"")<>"",1,"") | AV4: =IF(IFERROR(VLOOKUP(AE4,#REF!,1,0),"")<>"",1,"") | AW4: =IF(IFERROR(VLOOKUP(AE4,#REF!,1,0),"")<>"",1,"") | AX4: =IF(IFERROR(VLOOKUP(AE4,#REF!,1,0),"")<>"",1,"") | AY4: =IF(IFERROR(VLOOKUP(AE4,#REF!,1,0),"")<>"",1,"") | AZ4: =IF(IFERROR(VLOOKUP(AE4,#REF!,1,0),"")<>"",1,"") | BA4: =IF(IFERROR(VLOOKUP(AE4,#REF!,1,0),"")<>"",1,"") | BB4: =IF(IFERROR(VLOOKUP(AE4,#REF!,1,0),"")<>"",1,"") | BC4: =IF(IFERROR(VLOOKUP(AE4,#REF!,1,0),"")<>"",1,"") | BD4: =IF(IFERROR(VLOOKUP(AE4,#REF!,1,0),"")<>"",1,"") | BE4: =SUM(AR4:BD4) -> 1
A5: 3 | B5: 6911 | C5: =LEFT(B5 & "000000000", 9) -> 691100000 | D5: =MID(C5,1,2) -> 69 | E5: =MID(C5,3,1) -> 1 | F5: =MID(C5,4,1) -> 1 | G5: =MID(C5,5,1) -> 0 | H5: =MID(C5,6,1) -> 0 | I5: =MID(C5,7,1) -> 0 | J5: =MID(C5,8,1) -> 0 | K5: =MID(C5,9,1) -> 0 | L5: J9FA11000000 | M5: もみ | N5: J9F | O5: A | P5: 農産食品 | Q5: 1 | R5: 1 | S5: もみ | T5: もみ | U5: 0 | V5: 0 | W5: もみ | X5: もみ | Y5: 0 | Z5: 0 | AA5: もみ | AB5: もみ | AC5: 0 | AD5: 0 | AE5: もみ | AF5: もみ | AJ5: =IF(OR(AS5=1,AT5=1,AU5=1,AV5=1,AW5=1,AX5=1,AY5=1,AZ5=1,BA5=1,BB5=1,BC5=1,BD5=1),TRUE,FALSE) -> FALSE | AK5: =O5&Q5&R5&U5&V5&Y5&Z5&AC5&AD5 -> A11000000 | AL5: 6911 | AM5: =C5<>AK5 -> TRUE | AN5: =N5&AK5 -> J9FA11000000 | AO5: うるちもみ、もちもみ | AR5: =IF(AL5<>"",1,"") -> 1 | AS5: =IF(IFERROR(VLOOKUP(AE5,#REF!,1,0),"")<>"",1,"") | AT5: =IF(IFERROR(VLOOKUP(AE5,#REF!,1,0),"")<>"",1,"") | AU5: =IF(IFERROR(VLOOKUP(AE5,#REF!,1,0),"")<>"",1,"") | AV5: =IF(IFERROR(VLOOKUP(AE5,#REF!,1,0),"")<>"",1,"") | AW5: =IF(IFERROR(VLOOKUP(AE5,#REF!,1,0),"")<>"",1,"") | AX5: =IF(IFERROR(VLOOKUP(AE5,#REF!,1,0),"")<>"",1,"") | AY5: =IF(IFERROR(VLOOKUP(AE5,#REF!,1,0),"")<>"",1,"") | AZ5: =IF(IFERROR(VLOOKUP(AE5,#REF!,1,0),"")<>"",1,"") | BA5: =IF(IFERROR(VLOOKUP(AE5,#REF!,1,0),"")<>"",1,"") | BB5: =IF(IFERROR(VLOOKUP(AE5,#REF!,1,0),"")<>"",1,"") | BC5: =IF(IFERROR(VLOOKUP(AE5,#REF!,1,0),"")<>"",1,"") | BD5: =IF(IFERROR(VLOOKUP(AE5,#REF!,1,0),"")<>"",1,"") | BE5: =SUM(AR5:BD5) -> 1
A6: 4 | B6: 69111 | C6: =LEFT(B6 & "000000000", 9) -> 691110000 | D6: =MID(C6,1,2) -> 69 | E6: =MID(C6,3,1) -> 1 | F6: =MID(C6,4,1) -> 1 | G6: =MID(C6,5,1) -> 1 | H6: =MID(C6,6,1) -> 0 | I6: =MID(C6,7,1) -> 0 | J6: =MID(C6,8,1) -> 0 | K6: =MID(C6,9,1) -> 0 | L6: J9FA11110000 | M6: 国内産普通もみ | N6: J9F | O6: A | P6: 農産食品 | Q6: 1 | R6: 1 | S6: もみ | T6: もみ | U6: 1 | V6: 1 | W6: 国内産普通もみ | X6: 国内産普通もみ | Y6: 0 | Z6: 0 | AA6: 国内産普通もみ | AB6: 国内産普通もみ | AC6: 0 | AD6: 0 | AE6: 国内産普通もみ | AF6: 国内産普通もみ | AH6: 1 | AJ6: =IF(OR(AS6=1,AT6=1,AU6=1,AV6=1,AW6=1,AX6=1,AY6=1,AZ6=1,BA6=1,BB6=1,BC6=1,BD6=1),TRUE,FALSE) -> FALSE | AK6: =O6&Q6&R6&U6&V6&Y6&Z6&AC6&AD6 -> A11110000 | AL6: 69111 | AM6: =C6<>AK6 -> TRUE | AN6: =N6&AK6 -> J9FA11110000 | AR6: =IF(AL6<>"",1,"") -> 1 | AS6: =IF(IFERROR(VLOOKUP(AE6,#REF!,1,0),"")<>"",1,"") | AT6: =IF(IFERROR(VLOOKUP(AE6,#REF!,1,0),"")<>"",1,"") | AU6: =IF(IFERROR(VLOOKUP(AE6,#REF!,1,0),"")<>"",1,"") | AV6: =IF(IFERROR(VLOOKUP(AE6,#REF!,1,0),"")<>"",1,"") | AW6: =IF(IFERROR(VLOOKUP(AE6,#REF!,1,0),"")<>"",1,"") | AX6: =IF(IFERROR(VLOOKUP(AE6,#REF!,1,0),"")<>"",1,"") | AY6: =IF(IFERROR(VLOOKUP(AE6,#REF!,1,0),"")<>"",1,"") | AZ6: =IF(IFERROR(VLOOKUP(AE6,#REF!,1,0),"")<>"",1,"") | BA6: =IF(IFERROR(VLOOKUP(AE6,#REF!,1,0),"")<>"",1,"") | BB6: =IF(IFERROR(VLOOKUP(AE6,#REF!,1,0),"")<>"",1,"") | BC6: =IF(IFERROR(VLOOKUP(AE6,#REF!,1,0),"")<>"",1,"") | BD6: =IF(IFERROR(VLOOKUP(AE6,#REF!,1,0),"")<>"",1,"") | BE6: =SUM(AR6:BD6) -> 1
A7: 5 | B7: 691111 | C7: =LEFT(B7 & "000000000", 9) -> 691111000 | D7: =MID(C7,1,2) -> 69 | E7: =MID(C7,3,1) -> 1 | F7: =MID(C7,4,1) -> 1 | G7: =MID(C7,5,1) -> 1 | H7: =MID(C7,6,1) -> 1 | I7: =MID(C7,7,1) -> 0 | J7: =MID(C7,8,1) -> 0 | K7: =MID(C7,9,1) -> 0 | L7: J9FA11120000 | M7: 水稲うるちもみ | N7: J9F | O7: A | P7: 農産食品 | Q7: 1 | R7: 1 | S7: もみ | T7: もみ | U7: 1 | V7: 2 | W7: 水稲うるちもみ | X7: 水稲うるちもみ | Y7: 0 | Z7: 0 | AA7: 水稲うるちもみ | AB7: 水稲うるちもみ | AC7: 0 | AD7: 0 | AE7: 水稲うるちもみ | AF7: 水稲うるちもみ | AH7: 1 | AJ7: =IF(OR(AS7=1,AT7=1,AU7=1,AV7=1,AW7=1,AX7=1,AY7=1,AZ7=1,BA7=1,BB7=1,BC7=1,BD7=1),TRUE,FALSE) -> FALSE | AK7: =O7&Q7&R7&U7&V7&Y7&Z7&AC7&AD7 -> A11120000 | AL7: 691111 | AM7: =C7<>AK7 -> TRUE | AN7: =N7&AK7 -> J9FA11120000 | AR7: =IF(AL7<>"",1,"") -> 1 | AS7: =IF(IFERROR(VLOOKUP(AE7,#REF!,1,0),"")<>"",1,"") | AT7: =IF(IFERROR(VLOOKUP(AE7,#REF!,1,0),"")<>"",1,"") | AU7: =IF(IFERROR(VLOOKUP(AE7,#REF!,1,0),"")<>"",1,"") | AV7: =IF(IFERROR(VLOOKUP(AE7,#REF!,1,0),"")<>"",1,"") | AW7: =IF(IFERROR(VLOOKUP(AE7,#REF!,1,0),"")<>"",1,"") | AX7: =IF(IFERROR(VLOOKUP(AE7,#REF!,1,0),"")<>"",1,"") | AY7: =IF(IFERROR(VLOOKUP(AE7,#REF!,1,0),"")<>"",1,"") | AZ7: =IF(IFERROR(VLOOKUP(AE7,#REF!,1,0),"")<>"",1,"") | BA7: =IF(IFERROR(VLOOKUP(AE7,#REF!,1,0),"")<>"",1,"") | BB7: =IF(IFERROR(VLOOKUP(AE7,#REF!,1,0),"")<>"",1,"") | BC7: =IF(IFERROR(VLOOKUP(AE7,#REF!,1,0),"")<>"",1,"") | BD7: =IF(IFERROR(VLOOKUP(AE7,#REF!,1,0),"")<>"",1,"") | BE7: =SUM(AR7:BD7) -> 1
A8: 6 | B8: 691112 | C8: =LEFT(B8 & "000000000", 9) -> 691112000 | D8: =MID(C8,1,2) -> 69 | E8: =MID(C8,3,1) -> 1 | F8: =MID(C8,4,1) -> 1 | G8: =MID(C8,5,1) -> 1 | H8: =MID(C8,6,1) -> 2 | I8: =MID(C8,7,1) -> 0 | J8: =MID(C8,8,1) -> 0 | K8: =MID(C8,9,1) -> 0 | L8: J9FA11130000 | M8: 水稲もちもみ | N8: J9F | O8: A | P8: 農産食品 | Q8: 1 | R8: 1 | S8: もみ | T8: もみ | U8: 1 | V8: 3 | W8: 水稲もちもみ | X8: 水稲もちもみ | Y8: 0 | Z8: 0 | AA8: 水稲もちもみ | AB8: 水稲もちもみ | AC8: 0 | AD8: 0 | AE8: 水稲もちもみ | AF8: 水稲もちもみ | AH8: 1 | AJ8: =IF(OR(AS8=1,AT8=1,AU8=1,AV8=1,AW8=1,AX8=1,AY8=1,AZ8=1,BA8=1,BB8=1,BC8=1,BD8=1),TRUE,FALSE) -> FALSE | AK8: =O8&Q8&R8&U8&V8&Y8&Z8&AC8&AD8 -> A11130000 | AL8: 691112 | AM8: =C8<>AK8 -> TRUE | AN8: =N8&AK8 -> J9FA11130000 | AR8: =IF(AL8<>"",1,"") -> 1 | AS8: =IF(IFERROR(VLOOKUP(AE8,#REF!,1,0),"")<>"",1,"") | AT8: =IF(IFERROR(VLOOKUP(AE8,#REF!,1,0),"")<>"",1,"") | AU8: =IF(IFERROR(VLOOKUP(AE8,#REF!,1,0),"")<>"",1,"") | AV8: =IF(IFERROR(VLOOKUP(AE8,#REF!,1,0),"")<>"",1,"") | AW8: =IF(IFERROR(VLOOKUP(AE8,#REF!,1,0),"")<>"",1,"") | AX8: =IF(IFERROR(VLOOKUP(AE8,#REF!,1,0),"")<>"",1,"") | AY8: =IF(IFERROR(VLOOKUP(AE8,#REF!,1,0),"")<>"",1,"") | AZ8: =IF(IFERROR(VLOOKUP(AE8,#REF!,1,0),"")<>"",1,"") | BA8: =IF(IFERROR(VLOOKUP(AE8,#REF!,1,0),"")<>"",1,"") | BB8: =IF(IFERROR(VLOOKUP(AE8,#REF!,1,0),"")<>"",1,"") | BC8: =IF(IFERROR(VLOOKUP(AE8,#REF!,1,0),"")<>"",1,"") | BD8: =IF(IFERROR(VLOOKUP(AE8,#REF!,1,0),"")<>"",1,"") | BE8: =SUM(AR8:BD8) -> 1
A9: 7 | B9: 691113 | C9: =LEFT(B9 & "000000000", 9) -> 691113000 | D9: =MID(C9,1,2) -> 69 | E9: =MID(C9,3,1) -> 1 | F9: =MID(C9,4,1) -> 1 | G9: =MID(C9,5,1) -> 1 | H9: =MID(C9,6,1) -> 3 | I9: =MID(C9,7,1) -> 0 | J9: =MID(C9,8,1) -> 0 | K9: =MID(C9,9,1) -> 0 | L9: J9FA11140000 | M9: 陸稲うるちもみ | N9: J9F | O9: A | P9: 農産食品 | Q9: 1 | R9: 1 | S9: もみ | T9: もみ | U9: 1 | V9: 4 | W9: 陸稲うるちもみ | X9: 陸稲うるちもみ | Y9: 0 | Z9: 0 | AA9: 陸稲うるちもみ | AB9: 陸稲うるちもみ | AC9: 0 | AD9: 0 | AE9: 陸稲うるちもみ | AF9: 陸稲うるちもみ | AH9: 1 | AJ9: =IF(OR(AS9=1,AT9=1,AU9=1,AV9=1,AW9=1,AX9=1,AY9=1,AZ9=1,BA9=1,BB9=1,BC9=1,BD9=1),TRUE,FALSE) -> FALSE | AK9: =O9&Q9&R9&U9&V9&Y9&Z9&AC9&AD9 -> A11140000 | AL9: 691113 | AM9: =C9<>AK9 -> TRUE | AN9: =N9&AK9 -> J9FA11140000 | AR9: =IF(AL9<>"",1,"") -> 1 | AS9: =IF(IFERROR(VLOOKUP(AE9,#REF!,1,0),"")<>"",1,"") | AT9: =IF(IFERROR(VLOOKUP(AE9,#REF!,1,0),"")<>"",1,"") | AU9: =IF(IFERROR(VLOOKUP(AE9,#REF!,1,0),"")<>"",1,"") | AV9: =IF(IFERROR(VLOOKUP(AE9,#REF!,1,0),"")<>"",1,"") | AW9: =IF(IFERROR(VLOOKUP(AE9,#REF!,1,0),"")<>"",1,"") | AX9: =IF(IFERROR(VLOOKUP(AE9,#REF!,1,0),"")<>"",1,"") | AY9: =IF(IFERROR(VLOOKUP(AE9,#REF!,1,0),"")<>"",1,"") | AZ9: =IF(IFERROR(VLOOKUP(AE9,#REF!,1,0),"")<>"",1,"") | BA9: =IF(IFERROR(VLOOKUP(AE9,#REF!,1,0),"")<>"",1,"") | BB9: =IF(IFERROR(VLOOKUP(AE9,#REF!,1,0),"")<>"",1,"") | BC9: =IF(IFERROR(VLOOKUP(AE9,#REF!,1,0),"")<>"",1,"") | BD9: =IF(IFERROR(VLOOKUP(AE9,#REF!,1,0),"")<>"",1,"") | BE9: =SUM(AR9:BD9) -> 1
A10: 8 | B10: 691114 | C10: =LEFT(B10 & "000000000", 9) -> 691114000 | D10: =MID(C10,1,2) -> 69 | E10: =MID(C10,3,1) -> 1 | F10: =MID(C10,4,1) -> 1 | G10: =MID(C10,5,1) -> 1 | H10: =MID(C10,6,1) -> 4 | I10: =MID(C10,7,1) -> 0 | J10: =MID(C10,8,1) -> 0 | K10: =MID(C10,9,1) -> 0 | L10: J9FA11150000 | M10: 陸稲もちもみ | N10: J9F | O10: A | P10: 農産食品 | Q10: 1 | R10: 1 | S10: もみ | T10: もみ | U10: 1 | V10: 5 | W10: 陸稲もちもみ | X10: 陸稲もちもみ | Y10: 0 | Z10: 0 | AA10: 陸稲もちもみ | AB10: 陸稲もちもみ | AC10: 0 | AD10: 0 | AE10: 陸稲もちもみ | AF10: 陸稲もちもみ | AH10: 1 | AJ10: =IF(OR(AS10=1,AT10=1,AU10=1,AV10=1,AW10=1,AX10=1,AY10=1,AZ10=1,BA10=1,BB10=1,BC10=1,BD10=1),TRUE,FALSE) -> FALSE | AK10: =O10&Q10&R10&U10&V10&Y10&Z10&AC10&AD10 -> A11150000 | AL10: 691114 | AM10: =C10<>AK10 -> TRUE | AN10: =N10&AK10 -> J9FA11150000 | AR10: =IF(AL10<>"",1,"") -> 1 | AS10: =IF(IFERROR(VLOOKUP(AE10,#REF!,1,0),"")<>"",1,"") | AT10: =IF(IFERROR(VLOOKUP(AE10,#REF!,1,0),"")<>"",1,"") | AU10: =IF(IFERROR(VLOOKUP(AE10,#REF!,1,0),"")<>"",1,"") | AV10: =IF(IFERROR(VLOOKUP(AE10,#REF!,1,0),"")<>"",1,"") | AW10: =IF(IFERROR(VLOOKUP(AE10,#REF!,1,0),"")<>"",1,"") | AX10: =IF(IFERROR(VLOOKUP(AE10,#REF!,1,0),"")<>"",1,"") | AY10: =IF(IFERROR(VLOOKUP(AE10,#REF!,1,0),"")<>"",1,"") | AZ10: =IF(IFERROR(VLOOKUP(AE10,#REF!,1,0),"")<>"",1,"") | BA10: =IF(IFERROR(VLOOKUP(AE10,#REF!,1,0),"")<>"",1,"") | BB10: =IF(IFERROR(VLOOKUP(AE10,#REF!,1,0),"")<>"",1,"") | BC10: =IF(IFERROR(VLOOKUP(AE10,#REF!,1,0),"")<>"",1,"") | BD10: =IF(IFERROR(VLOOKUP(AE10,#REF!,1,0),"")<>"",1,"") | BE10: =SUM(AR10:BD10) -> 1
A11: 9 | B11: 69112 | C11: =LEFT(B11 & "000000000", 9) -> 691120000 | D11: =MID(C11,1,2) -> 69 | E11: =MID(C11,3,1) -> 1 | F11: =MID(C11,4,1) -> 1 | G11: =MID(C11,5,1) -> 2 | H11: =MID(C11,6,1) -> 0 | I11: =MID(C11,7,1) -> 0 | J11: =MID(C11,8,1) -> 0 | K11: =MID(C11,9,1) -> 0 | L11: J9FA11160000 | M11: 外国産普通もみ | N11: J9F | O11: A | P11: 農産食品 | Q11: 1 | R11: 1 | S11: もみ | T11: もみ | U11: 1 | V11: 6 | W11: 外国産普通もみ | X11: 外国産普通もみ | Y11: 0 | Z11: 0 | AA11: 外国産普通もみ | AB11: 外国産普通もみ | AC11: 0 | AD11: 0 | AE11: 外国産普通もみ | AF11: 外国産普通もみ | AH11: 1 | AJ11: =IF(OR(AS11=1,AT11=1,AU11=1,AV11=1,AW11=1,AX11=1,AY11=1,AZ11=1,BA11=1,BB11=1,BC11=1,BD11=1),TRUE,FALSE) -> FALSE | AK11: =O11&Q11&R11&U11&V11&Y11&Z11&AC11&AD11 -> A11160000 | AL11: 69112 | AM11: =C11<>AK11 -> TRUE | AN11: =N11&AK11 -> J9FA11160000 | AR11: =IF(AL11<>"",1,"") -> 1 | AS11: =IF(IFERROR(VLOOKUP(AE11,#REF!,1,0),"")<>"",1,"") | AT11: =IF(IFERROR(VLOOKUP(AE11,#REF!,1,0),"")<>"",1,"") | AU11: =IF(IFERROR(VLOOKUP(AE11,#REF!,1,0),"")<>"",1,"") | AV11: =IF(IFERROR(VLOOKUP(AE11,#REF!,1,0),"")<>"",1,"") | AW11: =IF(IFERROR(VLOOKUP(AE11,#REF!,1,0),"")<>"",1,"") | AX11: =IF(IFERROR(VLOOKUP(AE11,#REF!,1,0),"")<>"",1,"") | AY11: =IF(IFERROR(VLOOKUP(AE11,#REF!,1,0),"")<>"",1,"") | AZ11: =IF(IFERROR(VLOOKUP(AE11,#REF!,1,0),"")<>"",1,"") | BA11: =IF(IFERROR(VLOOKUP(AE11,#REF!,1,0),"")<>"",1,"") | BB11: =IF(IFERROR(VLOOKUP(AE11,#REF!,1,0),"")<>"",1,"") | BC11: =IF(IFERROR(VLOOKUP(AE11,#REF!,1,0),"")<>"",1,"") | BD11: =IF(IFERROR(VLOOKUP(AE11,#REF!,1,0),"")<>"",1,"") | BE11: =SUM(AR11:BD11) -> 1
A12: 10 | B12: 691121 | C12: =LEFT(B12 & "000000000", 9) -> 691121000 | D12: =MID(C12,1,2) -> 69 | E12: =MID(C12,3,1) -> 1 | F12: =MID(C12,4,1) -> 1 | G12: =MID(C12,5,1) -> 2 | H12: =MID(C12,6,1) -> 1 | I12: =MID(C12,7,1) -> 0 | J12: =MID(C12,8,1) -> 0 | K12: =MID(C12,9,1) -> 0 | L12: J9FA11170000 | M12: うるちもみ | N12: J9F | O12: A | P12: 農産食品 | Q12: 1 | R12: 1 | S12: もみ | T12: もみ | U12: 1 | V12: 7 | W12: うるちもみ | X12: うるちもみ | Y12: 0 | Z12: 0 | AA12: うるちもみ | AB12: うるちもみ | AC12: 0 | AD12: 0 | AE12: うるちもみ | AF12: うるちもみ | AH12: 1 | AJ12: =IF(OR(AS12=1,AT12=1,AU12=1,AV12=1,AW12=1,AX12=1,AY12=1,AZ12=1,BA12=1,BB12=1,BC12=1,BD12=1),TRUE,FALSE) -> FALSE | AK12: =O12&Q12&R12&U12&V12&Y12&Z12&AC12&AD12 -> A11170000 | AL12: 691121 | AM12: =C12<>AK12 -> TRUE | AN12: =N12&AK12 -> J9FA11170000 | AR12: =IF(AL12<>"",1,"") -> 1 | AS12: =IF(IFERROR(VLOOKUP(AE12,#REF!,1,0),"")<>"",1,"") | AT12: =IF(IFERROR(VLOOKUP(AE12,#REF!,1,0),"")<>"",1,"") | AU12: =IF(IFERROR(VLOOKUP(AE12,#REF!,1,0),"")<>"",1,"") | AV12: =IF(IFERROR(VLOOKUP(AE12,#REF!,1,0),"")<>"",1,"") | AW12: =IF(IFERROR(VLOOKUP(AE12,#REF!,1,0),"")<>"",1,"") | AX12: =IF(IFERROR(VLOOKUP(AE12,#REF!,1,0),"")<>"",1,"") | AY12: =IF(IFERROR(VLOOKUP(AE12,#REF!,1,0),"")<>"",1,"") | AZ12: =IF(IFERROR(VLOOKUP(AE12,#REF!,1,0),"")<>"",1,"") | BA12: =IF(IFERROR(VLOOKUP(AE12,#REF!,1,0),"")<>"",1,"") | BB12: =IF(IFERROR(VLOOKUP(AE12,#REF!,1,0),"")<>"",1,"") | BC12: =IF(IFERROR(VLOOKUP(AE12,#REF!,1,0),"")<>"",1,"") | BD12: =IF(IFERROR(VLOOKUP(AE12,#REF!,1,0),"")<>"",1,"") | BE12: =SUM(AR12:BD12) -> 1
A13: 11 | B13: 691122 | C13: =LEFT(B13 & "000000000", 9) -> 691122000 | D13: =MID(C13,1,2) -> 69 | E13: =MID(C13,3,1) -> 1 | F13: =MID(C13,4,1) -> 1 | G13: =MID(C13,5,1) -> 2 | H13: =MID(C13,6,1) -> 2 | I13: =MID(C13,7,1) -> 0 | J13: =MID(C13,8,1) -> 0 | K13: =MID(C13,9,1) -> 0 | L13: J9FA11180000 | M13: もちもみ | N13: J9F | O13: A | P13: 農産食品 | Q13: 1 | R13: 1 | S13: もみ | T13: もみ | U13: 1 | V13: 8 | W13: もちもみ | X13: もちもみ | Y13: 0 | Z13: 0 | AA13: もちもみ | AB13: もちもみ | AC13: 0 | AD13: 0 | AE13: もちもみ | AF13: もちもみ | AH13: 1 | AJ13: =IF(OR(AS13=1,AT13=1,AU13=1,AV13=1,AW13=1,AX13=1,AY13=1,AZ13=1,BA13=1,BB13=1,BC13=1,BD13=1),TRUE,FALSE) -> FALSE | AK13: =O13&Q13&R13&U13&V13&Y13&Z13&AC13&AD13 -> A11180000 | AL13: 691122 | AM13: =C13<>AK13 -> TRUE | AN13: =N13&AK13 -> J9FA11180000 | AR13: =IF(AL13<>"",1,"") -> 1 | AS13: =IF(IFERROR(VLOOKUP(AE13,#REF!,1,0),"")<>"",1,"") | AT13: =IF(IFERROR(VLOOKUP(AE13,#REF!,1,0),"")<>"",1,"") | AU13: =IF(IFERROR(VLOOKUP(AE13,#REF!,1,0),"")<>"",1,"") | AV13: =IF(IFERROR(VLOOKUP(AE13,#REF!,1,0),"")<>"",1,"") | AW13: =IF(IFERROR(VLOOKUP(AE13,#REF!,1,0),"")<>"",1,"") | AX13: =IF(IFERROR(VLOOKUP(AE13,#REF!,1,0),"")<>"",1,"") | AY13: =IF(IFERROR(VLOOKUP(AE13,#REF!,1,0),"")<>"",1,"") | AZ13: =IF(IFERROR(VLOOKUP(AE13,#REF!,1,0),"")<>"",1,"") | BA13: =IF(IFERROR(VLOOKUP(AE13,#REF!,1,0),"")<>"",1,"") | BB13: =IF(IFERROR(VLOOKUP(AE13,#REF!,1,0),"")<>"",1,"") | BC13: =IF(IFERROR(VLOOKUP(AE13,#REF!,1,0),"")<>"",1,"") | BD13: =IF(IFERROR(VLOOKUP(AE13,#REF!,1,0),"")<>"",1,"") | BE13: =SUM(AR13:BD13) -> 1
L14: J9FA11980000 | M14: もみ（その他） | N14: J9F | O14: A | P14: 農産食品 | Q14: 1 | R14: 1 | S14: もみ | T14: もみ | U14: 9 | V14: 8 | W14: もみ（その他） | X14: もみ（その他） | Y14: 0 | Z14: 0 | AA14: もみ（その他） | AB14: もみ（その他） | AC14: 0 | AD14: 0 | AE14: もみ（その他） | AF14: もみ（その他） | AJ14: =IF(OR(AS14=1,AT14=1,AU14=1,AV14=1,AW14=1,AX14=1,AY14=1,AZ14=1,BA14=1,BB14=1,BC14=1,BD14=1),TRUE,FALSE) -> FALSE | AK14: =O14&Q14&R14&U14&V14&Y14&Z14&AC14&AD14 -> A11980000 | AN14: =N14&AK14 -> J9FA11980000 | BE14: =SUM(AR14:BD14) -> 0
L15: J9FA11990000 | M15: もみ（詳細不明） | N15: J9F | O15: A | P15: 農産食品 | Q15: 1 | R15: 1 | S15: もみ | T15: もみ | U15: 9 | V15: 9 | W15: もみ（詳細不明） | X15: もみ（詳細不明） | Y15: 0 | Z15: 0 | AA15: もみ（詳細不明） | AB15: もみ（詳細不明） | AC15: 0 | AD15: 0 | AE15: もみ（詳細不明） | AF15: もみ（詳細不明） | AJ15: =IF(OR(AS15=1,AT15=1,AU15=1,AV15=1,AW15=1,AX15=1,AY15=1,AZ15=1,BA15=1,BB15=1,BC15=1,BD15=1),TRUE,FALSE) -> FALSE | AK15: =O15&Q15&R15&U15&V15&Y15&Z15&AC15&AD15 -> A11990000 | AN15: =N15&AK15 -> J9FA11990000 | BE15: =SUM(AR15:BD15) -> 0
A16: 12 | B16: 6912 | C16: =LEFT(B16 & "000000000", 9) -> 691200000 | D16: =MID(C16,1,2) -> 69 | E16: =MID(C16,3,1) -> 1 | F16: =MID(C16,4,1) -> 2 | G16: =MID(C16,5,1) -> 0 | H16: =MID(C16,6,1) -> 0 | I16: =MID(C16,7,1) -> 0 | J16: =MID(C16,8,1) -> 0 | K16: =MID(C16,9,1) -> 0 | L16: J9FA12000000 | M16: 玄米 | N16: J9F | O16: A | P16: 農産食品 | Q16: 1 | R16: 2 | S16: 玄米 | T16: 玄米 | U16: 0 | V16: 0 | W16: 玄米 | X16: 玄米 | Y16: 0 | Z16: 0 | AA16: 玄米 | AB16: 玄米 | AC16: 0 | AD16: 0 | AE16: 玄米 | AF16: 玄米 | AJ16: =IF(OR(AS16=1,AT16=1,AU16=1,AV16=1,AW16=1,AX16=1,AY16=1,AZ16=1,BA16=1,BB16=1,BC16=1,BD16=1),TRUE,FALSE) -> FALSE | AK16: =O16&Q16&R16&U16&V16&Y16&Z16&AC16&AD16 -> A12000000 | AL16: 6912 | AM16: =C16<>AK16 -> TRUE | AN16: =N16&AK16 -> J9FA12000000 | AO16: うるち玄米、もち玄米 | AR16: =IF(AL16<>"",1,"") -> 1 | AS16: =IF(IFERROR(VLOOKUP(AE16,#REF!,1,0),"")<>"",1,"") | AT16: =IF(IFERROR(VLOOKUP(AE16,#REF!,1,0),"")<>"",1,"") | AU16: =IF(IFERROR(VLOOKUP(AE16,#REF!,1,0),"")<>"",1,"") | AV16: =IF(IFERROR(VLOOKUP(AE16,#REF!,1,0),"")<>"",1,"") | AW16: =IF(IFERROR(VLOOKUP(AE16,#REF!,1,0),"")<>"",1,"") | AX16: =IF(IFERROR(VLOOKUP(AE16,#REF!,1,0),"")<>"",1,"") | AY16: =IF(IFERROR(VLOOKUP(AE16,#REF!,1,0),"")<>"",1,"") | AZ16: =IF(IFERROR(VLOOKUP(AE16,#REF!,1,0),"")<>"",1,"") | BA16: =IF(IFERROR(VLOOKUP(AE16,#REF!,1,0),"")<>"",1,"") | BB16: =IF(IFERROR(VLOOKUP(AE16,#REF!,1,0),"")<>"",1,"") | BC16: =IF(IFERROR(VLOOKUP(AE16,#REF!,1,0),"")<>"",1,"") | BD16: =IF(IFERROR(VLOOKUP(AE16,#REF!,1,0),"")<>"",1,"") | BE16: =SUM(AR16:BD16) -> 1
A17: 2652 | B17: 999999999 | C17: 999999999 | D17: =MID(C17,1,2) -> 99 | E17: =MID(C17,3,1) -> 9 | F17: =MID(C17,4,1) -> 9 | G17: =MID(C17,5,1) -> 9 | H17: =MID(C17,6,1) -> 9 | I17: =MID(C17,7,1) -> 9 | J17: =MID(C17,8,1) -> 9 | K17: =MID(C17,9,1) -> 9 | L17: J9FA12000011 | M17: 米ぬか | N17: J9F | O17: A | P17: 農産食品 | Q17: 1 | R17: 2 | S17: 玄米 | T17: 玄米 | U17: 0 | V17: 0 | W17: 玄米 | X17: 玄米 | Y17: 0 | Z17: 0 | AA17: 玄米 | AB17: 玄米 | AC17: 1 | AD17: 1 | AE17: 米ぬか | AF17: 米ぬか | AI17: 玄米以下に移動 | AJ17: =IF(OR(AS17=1,AT17=1,AU17=1),TRUE,FALSE) -> FALSE | AK17: =O17&Q17&R17&U17&V17&Y17&Z17&AC17&AD17 -> A12000011 | AM17: =C17<>AK17 -> TRUE | AN17: =N17&AK17 -> J9FA12000011 | AR17: =IF(AL17<>"",1,"") | AS17: =IF(IFERROR(VLOOKUP(AE17,#REF!,1,0),"")<>"",1,"") | AT17: =IF(IFERROR(VLOOKUP(AE17,#REF!,1,0),"")<>"",1,"") | AU17: =IF(IFERROR(VLOOKUP(AE17,#REF!,1,0),"")<>"",1,"") | AV17: =IF(IFERROR(VLOOKUP(AE17,#REF!,1,0),"")<>"",1,"") | AW17: =IF(IFERROR(VLOOKUP(AE17,#REF!,1,0),"")<>"",1,"") | AX17: =IF(IFERROR(VLOOKUP(AE17,#REF!,1,0),"")<>"",1,"") | AY17: =IF(IFERROR(VLOOKUP(AE17,#REF!,1,0),"")<>"",1,"") | AZ17: =IF(IFERROR(VLOOKUP(AE17,#REF!,1,0),"")<>"",1,"") | BA17: =IF(IFERROR(VLOOKUP(AE17,#REF!,1,0),"")<>"",1,"") | BB17: =IF(IFERROR(VLOOKUP(AE17,#REF!,1,0),"")<>"",1,"") | BC17: =IF(IFERROR(VLOOKUP(AE17,#REF!,1,0),"")<>"",1,"") | BD17: =IF(IFERROR(VLOOKUP(AE17,#REF!,1,0),"")<>"",1,"") | BE17: =SUM(AR17:BD17) -> 0
A18: 22 | B18: 69123 | C18: =LEFT(B18 & "000000000", 9) -> 691230000 | D18: =MID(C18,1,2) -> 69 | E18: =MID(C18,3,1) -> 1 | F18: =MID(C18,4,1) -> 2 | G18: =MID(C18,5,1) -> 3 | H18: =MID(C18,6,1) -> 0 | I18: =MID(C18,7,1) -> 0 | J18: =MID(C18,8,1) -> 0 | K18: =MID(C18,9,1) -> 0 | L18: J9FA12000012 | M18: くず玄米 | N18: J9F | O18: A | P18: 農産食品 | Q18: 1 | R18: 2 | S18: 玄米 | T18: 玄米 | U18: 0 | V18: 0 | W18: 玄米 | X18: 玄米 | Y18: 0 | Z18: 0 | AA18: 玄米 | AB18: 玄米 | AC18: 1 | AD18: 2 | AE18: くず玄米 | AF18: くず玄米 | AH18: 1 | AJ18: =IF(OR(AS18=1,AT18=1,AU18=1,AV18=1,AW18=1,AX18=1,AY18=1,AZ18=1,BA18=1,BB18=1,BC18=1,BD18=1),TRUE,FALSE) -> FALSE | AK18: =O18&Q18&R18&U18&V18&Y18&Z18&AC18&AD18 -> A12000012 | AL18: 69123 | AM18: =C18<>AK18 -> TRUE | AN18: =N18&AK18 -> J9FA12000012 | AR18: =IF(AL18<>"",1,"") -> 1 | AS18: =IF(IFERROR(VLOOKUP(AE18,#REF!,1,0),"")<>"",1,"") | AT18: =IF(IFERROR(VLOOKUP(AE18,#REF!,1,0),"")<>"",1,"") | AU18: =IF(IFERROR(VLOOKUP(AE18,#REF!,1,0),"")<>"",1,"") | AV18: =IF(IFERROR(VLOOKUP(AE18,#REF!,1,0),"")<>"",1,"") | AW18: =IF(IFERROR(VLOOKUP(AE18,#REF!,1,0),"")<>"",1,"") | AX18: =IF(IFERROR(VLOOKUP(AE18,#REF!,1,0),"")<>"",1,"") | AY18: =IF(IFERROR(VLOOKUP(AE18,#REF!,1,0),"")<>"",1,"") | AZ18: =IF(IFERROR(VLOOKUP(AE18,#REF!,1,0),"")<>"",1,"") | BA18: =IF(IFERROR(VLOOKUP(AE18,#REF!,1,0),"")<>"",1,"") | BB18: =IF(IFERROR(VLOOKUP(AE18,#REF!,1,0),"")<>"",1,"") | BC18: =IF(IFERROR(VLOOKUP(AE18,#REF!,1,0),"")<>"",1,"") | BD18: =IF(IFERROR(VLOOKUP(AE18,#REF!,1,0),"")<>"",1,"") | BE18: =SUM(AR18:BD18) -> 1
A19: 13 | B19: 69121 | C19: =LEFT(B19 & "000000000", 9) -> 691210000 | D19: =MID(C19,1,2) -> 69 | E19: =MID(C19,3,1) -> 1 | F19: =MID(C19,4,1) -> 2 | G19: =MID(C19,5,1) -> 1 | H19: =MID(C19,6,1) -> 0 | I19: =MID(C19,7,1) -> 0 | J19: =MID(C19,8,1) -> 0 | K19: =MID(C19,9,1) -> 0 | L19: J9FA12110000 | M19: 国内産玄米 | N19: J9F | O19: A | P19: 農産食品 | Q19: 1 | R19: 2 | S19: 玄米 | T19: 玄米 | U19: 1 | V19: 1 | W19: 国内産玄米 | X19: 国内産玄米 | Y19: 0 | Z19: 0 | AA19: 国内産玄米 | AB19: 国内産玄米 | AC19: 0 | AD19: 0 | AE19: 国内産玄米 | AF19: 国内産玄米 | AH19: 1 | AJ19: =IF(OR(AS19=1,AT19=1,AU19=1,AV19=1,AW19=1,AX19=1,AY19=1,AZ19=1,BA19=1,BB19=1,BC19=1,BD19=1),TRUE,FALSE) -> FALSE | AK19: =O19&Q19&R19&U19&V19&Y19&Z19&AC19&AD19 -> A12110000 | AL19: 69121 | AM19: =C19<>AK19 -> TRUE | AN19: =N19&AK19 -> J9FA12110000 | AR19: =IF(AL19<>"",1,"") -> 1 | AS19: =IF(IFERROR(VLOOKUP(AE19,#REF!,1,0),"")<>"",1,"") | AT19: =IF(IFERROR(VLOOKUP(AE19,#REF!,1,0),"")<>"",1,"") | AU19: =IF(IFERROR(VLOOKUP(AE19,#REF!,1,0),"")<>"",1,"") | AV19: =IF(IFERROR(VLOOKUP(AE19,#REF!,1,0),"")<>"",1,"") | AW19: =IF(IFERROR(VLOOKUP(AE19,#REF!,1,0),"")<>"",1,"") | AX19: =IF(IFERROR(VLOOKUP(AE19,#REF!,1,0),"")<>"",1,"") | AY19: =IF(IFERROR(VLOOKUP(AE19,#REF!,1,0),"")<>"",1,"") | AZ19: =IF(IFERROR(VLOOKUP(AE19,#REF!,1,0),"")<>"",1,"") | BA19: =IF(IFERROR(VLOOKUP(AE19,#REF!,1,0),"")<>"",1,"") | BB19: =IF(IFERROR(VLOOKUP(AE19,#REF!,1,0),"")<>"",1,"") | BC19: =IF(IFERROR(VLOOKUP(AE19,#REF!,1,0),"")<>"",1,"") | BD19: =IF(IFERROR(VLOOKUP(AE19,#REF!,1,0),"")<>"",1,"") | BE19: =SUM(AR19:BD19) -> 1
A20: 14 | B20: 691211 | C20: =LEFT(B20 & "000000000", 9) -> 691211000 | D20: =MID(C20,1,2) -> 69 | E20: =MID(C20,3,1) -> 1 | F20: =MID(C20,4,1) -> 2 | G20: =MID(C20,5,1) -> 1 | H20: =MID(C20,6,1) -> 1 | I20: =MID(C20,7,1) -> 0 | J20: =MID(C20,8,1) -> 0 | K20: =MID(C20,9,1) -> 0 | L20: J9FA12120000 | M20: 水稲うるち玄米 | N20: J9F | O20: A | P20: 農産食品 | Q20: 1 | R20: 2 | S20: 玄米 | T20: 玄米 | U20: 1 | V20: 2 | W20: 水稲うるち玄米 | X20: 水稲うるち玄米 | Y20: 0 | Z20: 0 | AA20: 水稲うるち玄米 | AB20: 水稲うるち玄米 | AC20: 0 | AD20: 0 | AE20: 水稲うるち玄米 | AF20: 水稲うるち玄米 | AH20: 1 | AJ20: =IF(OR(AS20=1,AT20=1,AU20=1,AV20=1,AW20=1,AX20=1,AY20=1,AZ20=1,BA20=1,BB20=1,BC20=1,BD20=1),TRUE,FALSE) -> FALSE | AK20: =O20&Q20&R20&U20&V20&Y20&Z20&AC20&AD20 -> A12120000 | AL20: 691211 | AM20: =C20<>AK20 -> TRUE | AN20: =N20&AK20 -> J9FA12120000 | AR20: =IF(AL20<>"",1,"") -> 1 | AS20: =IF(IFERROR(VLOOKUP(AE20,#REF!,1,0),"")<>"",1,"") | AT20: =IF(IFERROR(VLOOKUP(AE20,#REF!,1,0),"")<>"",1,"") | AU20: =IF(IFERROR(VLOOKUP(AE20,#REF!,1,0),"")<>"",1,"") | AV20: =IF(IFERROR(VLOOKUP(AE20,#REF!,1,0),"")<>"",1,"") | AW20: =IF(IFERROR(VLOOKUP(AE20,#REF!,1,0),"")<>"",1,"") | AX20: =IF(IFERROR(VLOOKUP(AE20,#REF!,1,0),"")<>"",1,"") | AY20: =IF(IFERROR(VLOOKUP(AE20,#REF!,1,0),"")<>"",1,"") | AZ20: =IF(IFERROR(VLOOKUP(AE20,#REF!,1,0),"")<>"",1,"") | BA20: =IF(IFERROR(VLOOKUP(AE20,#REF!,1,0),"")<>"",1,"") | BB20: =IF(IFERROR(VLOOKUP(AE20,#REF!,1,0),"")<>"",1,"") | BC20: =IF(IFERROR(VLOOKUP(AE20,#REF!,1,0),"")<>"",1,"") | BD20: =IF(IFERROR(VLOOKUP(AE20,#REF!,1,0),"")<>"",1,"") | BE20: =SUM(AR20:BD20) -> 1
A21: 15 | B21: 691212 | C21: =LEFT(B21 & "000000000", 9) -> 691212000 | D21: =MID(C21,1,2) -> 69 | E21: =MID(C21,3,1) -> 1 | F21: =MID(C21,4,1) -> 2 | G21: =MID(C21,5,1) -> 1 | H21: =MID(C21,6,1) -> 2 | I21: =MID(C21,7,1) -> 0 | J21: =MID(C21,8,1) -> 0 | K21: =MID(C21,9,1) -> 0 | L21: J9FA12130000 | M21: 水稲もち玄米 | N21: J9F | O21: A | P21: 農産食品 | Q21: 1 | R21: 2 | S21: 玄米 | T21: 玄米 | U21: 1 | V21: 3 | W21: 水稲もち玄米 | X21: 水稲もち玄米 | Y21: 0 | Z21: 0 | AA21: 水稲もち玄米 | AB21: 水稲もち玄米 | AC21: 0 | AD21: 0 | AE21: 水稲もち玄米 | AF21: 水稲もち玄米 | AH21: 1 | AJ21: =IF(OR(AS21=1,AT21=1,AU21=1,AV21=1,AW21=1,AX21=1,AY21=1,AZ21=1,BA21=1,BB21=1,BC21=1,BD21=1),TRUE,FALSE) -> FALSE | AK21: =O21&Q21&R21&U21&V21&Y21&Z21&AC21&AD21 -> A12130000 | AL21: 691212 | AM21: =C21<>AK21 -> TRUE | AN21: =N21&AK21 -> J9FA12130000 | AR21: =IF(AL21<>"",1,"") -> 1 | AS21: =IF(IFERROR(VLOOKUP(AE21,#REF!,1,0),"")<>"",1,"") | AT21: =IF(IFERROR(VLOOKUP(AE21,#REF!,1,0),"")<>"",1,"") | AU21: =IF(IFERROR(VLOOKUP(AE21,#REF!,1,0),"")<>"",1,"") | AV21: =IF(IFERROR(VLOOKUP(AE21,#REF!,1,0),"")<>"",1,"") | AW21: =IF(IFERROR(VLOOKUP(AE21,#REF!,1,0),"")<>"",1,"") | AX21: =IF(IFERROR(VLOOKUP(AE21,#REF!,1,0),"")<>"",1,"") | AY21: =IF(IFERROR(VLOOKUP(AE21,#REF!,1,0),"")<>"",1,"") | AZ21: =IF(IFERROR(VLOOKUP(AE21,#REF!,1,0),"")<>"",1,"") | BA21: =IF(IFERROR(VLOOKUP(AE21,#REF!,1,0),"")<>"",1,"") | BB21: =IF(IFERROR(VLOOKUP(AE21,#REF!,1,0),"")<>"",1,"") | BC21: =IF(IFERROR(VLOOKUP(AE21,#REF!,1,0),"")<>"",1,"") | BD21: =IF(IFERROR(VLOOKUP(AE21,#REF!,1,0),"")<>"",1,"") | BE21: =SUM(AR21:BD21) -> 1
A22: 16 | B22: 691213 | C22: =LEFT(B22 & "000000000", 9) -> 691213000 | D22: =MID(C22,1,2) -> 69 | E22: =MID(C22,3,1) -> 1 | F22: =MID(C22,4,1) -> 2 | G22: =MID(C22,5,1) -> 1 | H22: =MID(C22,6,1) -> 3 | I22: =MID(C22,7,1) -> 0 | J22: =MID(C22,8,1) -> 0 | K22: =MID(C22,9,1) -> 0 | L22: J9FA12140000 | M22: 陸稲うるち玄米 | N22: J9F | O22: A | P22: 農産食品 | Q22: 1 | R22: 2 | S22: 玄米 | T22: 玄米 | U22: 1 | V22: 4 | W22: 陸稲うるち玄米 | X22: 陸稲うるち玄米 | Y22: 0 | Z22: 0 | AA22: 陸稲うるち玄米 | AB22: 陸稲うるち玄米 | AC22: 0 | AD22: 0 | AE22: 陸稲うるち玄米 | AF22: 陸稲うるち玄米 | AH22: 1 | AJ22: =IF(OR(AS22=1,AT22=1,AU22=1,AV22=1,AW22=1,AX22=1,AY22=1,AZ22=1,BA22=1,BB22=1,BC22=1,BD22=1),TRUE,FALSE) -> FALSE | AK22: =O22&Q22&R22&U22&V22&Y22&Z22&AC22&AD22 -> A12140000 | AL22: 691213 | AM22: =C22<>AK22 -> TRUE | AN22: =N22&AK22 -> J9FA12140000 | AR22: =IF(AL22<>"",1,"") -> 1 | AS22: =IF(IFERROR(VLOOKUP(AE22,#REF!,1,0),"")<>"",1,"") | AT22: =IF(IFERROR(VLOOKUP(AE22,#REF!,1,0),"")<>"",1,"") | AU22: =IF(IFERROR(VLOOKUP(AE22,#REF!,1,0),"")<>"",1,"") | AV22: =IF(IFERROR(VLOOKUP(AE22,#REF!,1,0),"")<>"",1,"") | AW22: =IF(IFERROR(VLOOKUP(AE22,#REF!,1,0),"")<>"",1,"") | AX22: =IF(IFERROR(VLOOKUP(AE22,#REF!,1,0),"")<>"",1,"") | AY22: =IF(IFERROR(VLOOKUP(AE22,#REF!,1,0),"")<>"",1,"") | AZ22: =IF(IFERROR(VLOOKUP(AE22,#REF!,1,0),"")<>"",1,"") | BA22: =IF(IFERROR(VLOOKUP(AE22,#REF!,1,0),"")<>"",1,"") | BB22: =IF(IFERROR(VLOOKUP(AE22,#REF!,1,0),"")<>"",1,"") | BC22: =IF(IFERROR(VLOOKUP(AE22,#REF!,1,0),"")<>"",1,"") | BD22: =IF(IFERROR(VLOOKUP(AE22,#REF!,1,0),"")<>"",1,"") | BE22: =SUM(AR22:BD22) -> 1
A23: 17 | B23: 691214 | C23: =LEFT(B23 & "000000000", 9) -> 691214000 | D23: =MID(C23,1,2) -> 69 | E23: =MID(C23,3,1) -> 1 | F23: =MID(C23,4,1) -> 2 | G23: =MID(C23,5,1) -> 1 | H23: =MID(C23,6,1) -> 4 | I23: =MID(C23,7,1) -> 0 | J23: =MID(C23,8,1) -> 0 | K23: =MID(C23,9,1) -> 0 | L23: J9FA12150000 | M23: 陸稲もち玄米 | N23: J9F | O23: A | P23: 農産食品 | Q23: 1 | R23: 2 | S23: 玄米 | T23: 玄米 | U23: 1 | V23: 5 | W23: 陸稲もち玄米 | X23: 陸稲もち玄米 | Y23: 0 | Z23: 0 | AA23: 陸稲もち玄米 | AB23: 陸稲もち玄米 | AC23: 0 | AD23: 0 | AE23: 陸稲もち玄米 | AF23: 陸稲もち玄米 | AH23: 1 | AJ23: =IF(OR(AS23=1,AT23=1,AU23=1,AV23=1,AW23=1,AX23=1,AY23=1,AZ23=1,BA23=1,BB23=1,BC23=1,BD23=1),TRUE,FALSE) -> FALSE | AK23: =O23&Q23&R23&U23&V23&Y23&Z23&AC23&AD23 -> A12150000 | AL23: 691214 | AM23: =C23<>AK23 -> TRUE | AN23: =N23&AK23 -> J9FA12150000 | AR23: =IF(AL23<>"",1,"") -> 1 | AS23: =IF(IFERROR(VLOOKUP(AE23,#REF!,1,0),"")<>"",1,"") | AT23: =IF(IFERROR(VLOOKUP(AE23,#REF!,1,0),"")<>"",1,"") | AU23: =IF(IFERROR(VLOOKUP(AE23,#REF!,1,0),"")<>"",1,"") | AV23: =IF(IFERROR(VLOOKUP(AE23,#REF!,1,0),"")<>"",1,"") | AW23: =IF(IFERROR(VLOOKUP(AE23,#REF!,1,0),"")<>"",1,"") | AX23: =IF(IFERROR(VLOOKUP(AE23,#REF!,1,0),"")<>"",1,"") | AY23: =IF(IFERROR(VLOOKUP(AE23,#REF!,1,0),"")<>"",1,"") | AZ23: =IF(IFERROR(VLOOKUP(AE23,#REF!,1,0),"")<>"",1,"") | BA23: =IF(IFERROR(VLOOKUP(AE23,#REF!,1,0),"")<>"",1,"") | BB23: =IF(IFERROR(VLOOKUP(AE23,#REF!,1,0),"")<>"",1,"") | BC23: =IF(IFERROR(VLOOKUP(AE23,#REF!,1,0),"")<>"",1,"") | BD23: =IF(IFERROR(VLOOKUP(AE23,#REF!,1,0),"")<>"",1,"") | BE23: =SUM(AR23:BD23) -> 1
A24: 18 | B24: 691215 | C24: =LEFT(B24 & "000000000", 9) -> 691215000 | D24: =MID(C24,1,2) -> 69 | E24: =MID(C24,3,1) -> 1 | F24: =MID(C24,4,1) -> 2 | G24: =MID(C24,5,1) -> 1 | H24: =MID(C24,6,1) -> 5 | I24: =MID(C24,7,1) -> 0 | J24: =MID(C24,8,1) -> 0 | K24: =MID(C24,9,1) -> 0 | L24: J9FA12160000 | M24: 醸造用玄米 | N24: J9F | O24: A | P24: 農産食品 | Q24: 1 | R24: 2 | S24: 玄米 | T24: 玄米 | U24: 1 | V24: 6 | W24: 醸造用玄米 | X24: 醸造用玄米 | Y24: 0 | Z24: 0 | AA24: 醸造用玄米 | AB24: 醸造用玄米 | AC24: 0 | AD24: 0 | AE24: 醸造用玄米 | AF24: 醸造用玄米 | AH24: 1 | AJ24: =IF(OR(AS24=1,AT24=1,AU24=1,AV24=1,AW24=1,AX24=1,AY24=1,AZ24=1,BA24=1,BB24=1,BC24=1,BD24=1),TRUE,FALSE) -> FALSE | AK24: =O24&Q24&R24&U24&V24&Y24&Z24&AC24&AD24 -> A12160000 | AL24: 691215 | AM24: =C24<>AK24 -> TRUE | AN24: =N24&AK24 -> J9FA12160000 | AR24: =IF(AL24<>"",1,"") -> 1 | AS24: =IF(IFERROR(VLOOKUP(AE24,#REF!,1,0),"")<>"",1,"") | AT24: =IF(IFERROR(VLOOKUP(AE24,#REF!,1,0),"")<>"",1,"") | AU24: =IF(IFERROR(VLOOKUP(AE24,#REF!,1,0),"")<>"",1,"") | AV24: =IF(IFERROR(VLOOKUP(AE24,#REF!,1,0),"")<>"",1,"") | AW24: =IF(IFERROR(VLOOKUP(AE24,#REF!,1,0),"")<>"",1,"") | AX24: =IF(IFERROR(VLOOKUP(AE24,#REF!,1,0),"")<>"",1,"") | AY24: =IF(IFERROR(VLOOKUP(AE24,#REF!,1,0),"")<>"",1,"") | AZ24: =IF(IFERROR(VLOOKUP(AE24,#REF!,1,0),"")<>"",1,"") | BA24: =IF(IFERROR(VLOOKUP(AE24,#REF!,1,0),"")<>"",1,"") | BB24: =IF(IFERROR(VLOOKUP(AE24,#REF!,1,0),"")<>"",1,"") | BC24: =IF(IFERROR(VLOOKUP(AE24,#REF!,1,0),"")<>"",1,"") | BD24: =IF(IFERROR(VLOOKUP(AE24,#REF!,1,0),"")<>"",1,"") | BE24: =SUM(AR24:BD24) -> 1
A25: 19 | B25: 69122 | C25: =LEFT(B25 & "000000000", 9) -> 691220000 | D25: =MID(C25,1,2) -> 69 | E25: =MID(C25,3,1) -> 1 | F25: =MID(C25,4,1) -> 2 | G25: =MID(C25,5,1) -> 2 | H25: =MID(C25,6,1) -> 0 | I25: =MID(C25,7,1) -> 0 | J25: =MID(C25,8,1) -> 0 | K25: =MID(C25,9,1) -> 0 | L25: J9FA12170000 | M25: 外国産玄米 | N25: J9F | O25: A | P25: 農産食品 | Q25: 1 | R25: 2 | S25: 玄米 | T25: 玄米 | U25: 1 | V25: 7 | W25: 外国産玄米 | X25: 外国産玄米 | Y25: 0 | Z25: 0 | AA25: 外国産玄米 | AB25: 外国産玄米 | AC25: 0 | AD25: 0 | AE25: 外国産玄米 | AF25: 外国産玄米 | AH25: 1 | AJ25: =IF(OR(AS25=1,AT25=1,AU25=1,AV25=1,AW25=1,AX25=1,AY25=1,AZ25=1,BA25=1,BB25=1,BC25=1,BD25=1),TRUE,FALSE) -> FALSE | AK25: =O25&Q25&R25&U25&V25&Y25&Z25&AC25&AD25 -> A12170000 | AL25: 69122 | AM25: =C25<>AK25 -> TRUE | AN25: =N25&AK25 -> J9FA12170000 | AR25: =IF(AL25<>"",1,"") -> 1 | AS25: =IF(IFERROR(VLOOKUP(AE25,#REF!,1,0),"")<>"",1,"") | AT25: =IF(IFERROR(VLOOKUP(AE25,#REF!,1,0),"")<>"",1,"") | AU25: =IF(IFERROR(VLOOKUP(AE25,#REF!,1,0),"")<>"",1,"") | AV25: =IF(IFERROR(VLOOKUP(AE25,#REF!,1,0),"")<>"",1,"") | AW25: =IF(IFERROR(VLOOKUP(AE25,#REF!,1,0),"")<>"",1,"") | AX25: =IF(IFERROR(VLOOKUP(AE25,#REF!,1,0),"")<>"",1,"") | AY25: =IF(IFERROR(VLOOKUP(AE25,#REF!,1,0),"")<>"",1,"") | AZ25: =IF(IFERROR(VLOOKUP(AE25,#REF!,1,0),"")<>"",1,"") | BA25: =IF(IFERROR(VLOOKUP(AE25,#REF!,1,0),"")<>"",1,"") | BB25: =IF(IFERROR(VLOOKUP(AE25,#REF!,1,0),"")<>"",1,"") | BC25: =IF(IFERROR(VLOOKUP(AE25,#REF!,1,0),"")<>"",1,"") | BD25: =IF(IFERROR(VLOOKUP(AE25,#REF!,1,0),"")<>"",1,"") | BE25: =SUM(AR25:BD25) -> 1
A26: 20 | B26: 691221 | C26: =LEFT(B26 & "000000000", 9) -> 691221000 | D26: =MID(C26,1,2) -> 69 | E26: =MID(C26,3,1) -> 1 | F26: =MID(C26,4,1) -> 2 | G26: =MID(C26,5,1) -> 2 | H26: =MID(C26,6,1) -> 1 | I26: =MID(C26,7,1) -> 0 | J26: =MID(C26,8,1) -> 0 | K26: =MID(C26,9,1) -> 0 | L26: J9FA12180000 | M26: うるち玄米 | N26: J9F | O26: A | P26: 農産食品 | Q26: 1 | R26: 2 | S26: 玄米 | T26: 玄米 | U26: 1 | V26: 8 | W26: うるち玄米 | X26: うるち玄米 | Y26: 0 | Z26: 0 | AA26: うるち玄米 | AB26: うるち玄米 | AC26: 0 | AD26: 0 | AE26: うるち玄米 | AF26: うるち玄米 | AH26: 1 | AJ26: =IF(OR(AS26=1,AT26=1,AU26=1,AV26=1,AW26=1,AX26=1,AY26=1,AZ26=1,BA26=1,BB26=1,BC26=1,BD26=1),TRUE,FALSE) -> FALSE | AK26: =O26&Q26&R26&U26&V26&Y26&Z26&AC26&AD26 -> A12180000 | AL26: 691221 | AM26: =C26<>AK26 -> TRUE | AN26: =N26&AK26 -> J9FA12180000 | AR26: =IF(AL26<>"",1,"") -> 1 | AS26: =IF(IFERROR(VLOOKUP(AE26,#REF!,1,0),"")<>"",1,"") | AT26: =IF(IFERROR(VLOOKUP(AE26,#REF!,1,0),"")<>"",1,"") | AU26: =IF(IFERROR(VLOOKUP(AE26,#REF!,1,0),"")<>"",1,"") | AV26: =IF(IFERROR(VLOOKUP(AE26,#REF!,1,0),"")<>"",1,"") | AW26: =IF(IFERROR(VLOOKUP(AE26,#REF!,1,0),"")<>"",1,"") | AX26: =IF(IFERROR(VLOOKUP(AE26,#REF!,1,0),"")<>"",1,"") | AY26: =IF(IFERROR(VLOOKUP(AE26,#REF!,1,0),"")<>"",1,"") | AZ26: =IF(IFERROR(VLOOKUP(AE26,#REF!,1,0),"")<>"",1,"") | BA26: =IF(IFERROR(VLOOKUP(AE26,#REF!,1,0),"")<>"",1,"") | BB26: =IF(IFERROR(VLOOKUP(AE26,#REF!,1,0),"")<>"",1,"") | BC26: =IF(IFERROR(VLOOKUP(AE26,#REF!,1,0),"")<>"",1,"") | BD26: =IF(IFERROR(VLOOKUP(AE26,#REF!,1,0),"")<>"",1,"") | BE26: =SUM(AR26:BD26) -> 1
A27: 21 | B27: 691222 | C27: =LEFT(B27 & "000000000", 9) -> 691222000 | D27: =MID(C27,1,2) -> 69 | E27: =MID(C27,3,1) -> 1 | F27: =MID(C27,4,1) -> 2 | G27: =MID(C27,5,1) -> 2 | H27: =MID(C27,6,1) -> 2 | I27: =MID(C27,7,1) -> 0 | J27: =MID(C27,8,1) -> 0 | K27: =MID(C27,9,1) -> 0 | L27: J9FA12190000 | M27: もち玄米 | N27: J9F | O27: A | P27: 農産食品 | Q27: 1 | R27: 2 | S27: 玄米 | T27: 玄米 | U27: 1 | V27: 9 | W27: もち玄米 | X27: もち玄米 | Y27: 0 | Z27: 0 | AA27: もち玄米 | AB27: もち玄米 | AC27: 0 | AD27: 0 | AE27: もち玄米 | AF27: もち玄米 | AH27: 1 | AJ27: =IF(OR(AS27=1,AT27=1,AU27=1,AV27=1,AW27=1,AX27=1,AY27=1,AZ27=1,BA27=1,BB27=1,BC27=1,BD27=1),TRUE,FALSE) -> FALSE | AK27: =O27&Q27&R27&U27&V27&Y27&Z27&AC27&AD27 -> A12190000 | AL27: 691222 | AM27: =C27<>AK27 -> TRUE | AN27: =N27&AK27 -> J9FA12190000 | AR27: =IF(AL27<>"",1,"") -> 1 | AS27: =IF(IFERROR(VLOOKUP(AE27,#REF!,1,0),"")<>"",1,"") | AT27: =IF(IFERROR(VLOOKUP(AE27,#REF!,1,0),"")<>"",1,"") | AU27: =IF(IFERROR(VLOOKUP(AE27,#REF!,1,0),"")<>"",1,"") | AV27: =IF(IFERROR(VLOOKUP(AE27,#REF!,1,0),"")<>"",1,"") | AW27: =IF(IFERROR(VLOOKUP(AE27,#REF!,1,0),"")<>"",1,"") | AX27: =IF(IFERROR(VLOOKUP(AE27,#REF!,1,0),"")<>"",1,"") | AY27: =IF(IFERROR(VLOOKUP(AE27,#REF!,1,0),"")<>"",1,"") | AZ27: =IF(IFERROR(VLOOKUP(AE27,#REF!,1,0),"")<>"",1,"") | BA27: =IF(IFERROR(VLOOKUP(AE27,#REF!,1,0),"")<>"",1,"") | BB27: =IF(IFERROR(VLOOKUP(AE27,#REF!,1,0),"")<>"",1,"") | BC27: =IF(IFERROR(VLOOKUP(AE27,#REF!,1,0),"")<>"",1,"") | BD27: =IF(IFERROR(VLOOKUP(AE27,#REF!,1,0),"")<>"",1,"") | BE27: =SUM(AR27:BD27) -> 1
L28: J9FA12980000 | N28: J9F | O28: A | P28: 農産食品 | Q28: 1 | R28: 2 | S28: 玄米 | T28: 玄米 | U28: 9 | V28: 8 | W28: 玄米（その他） | X28: 玄米（その他） | Y28: 0 | Z28: 0 | AA28: 玄米（その他） | AB28: 玄米（その他） | AC28: 0 | AD28: 0 | AE28: 玄米（その他） | AF28: 玄米（その他） | AJ28: =IF(OR(AS28=1,AT28=1,AU28=1,AV28=1,AW28=1,AX28=1,AY28=1,AZ28=1,BA28=1,BB28=1,BC28=1,BD28=1),TRUE,FALSE) -> FALSE | AK28: =O28&Q28&R28&U28&V28&Y28&Z28&AC28&AD28 -> A12980000 | AN28: =N28&AK28 -> J9FA12980000 | BE28: =SUM(AR28:BD28) -> 0
L29: J9FA12990000 | N29: J9F | O29: A | P29: 農産食品 | Q29: 1 | R29: 2 | S29: 玄米 | T29: 玄米 | U29: 9 | V29: 9 | W29: 玄米（詳細不明） | X29: 玄米（詳細不明） | Y29: 0 | Z29: 0 | AA29: 玄米（詳細不明） | AB29: 玄米（詳細不明） | AC29: 0 | AD29: 0 | AE29: 玄米（詳細不明） | AF29: 玄米（詳細不明） | AJ29: =IF(OR(AS29=1,AT29=1,AU29=1,AV29=1,AW29=1,AX29=1,AY29=1,AZ29=1,BA29=1,BB29=1,BC29=1,BD29=1),TRUE,FALSE) -> FALSE | AK29: =O29&Q29&R29&U29&V29&Y29&Z29&AC29&AD29 -> A12990000 | AN29: =N29&AK29 -> J9FA12990000 | BE29: =SUM(AR29:BD29) -> 0
A30: 23 | B30: 6913 | C30: =LEFT(B30 & "000000000", 9) -> 691300000 | D30: =MID(C30,1,2) -> 69 | E30: =MID(C30,3,1) -> 1 | F30: =MID(C30,4,1) -> 3 | G30: =MID(C30,5,1) -> 0 | H30: =MID(C30,6,1) -> 0 | I30: =MID(C30,7,1) -> 0 | J30: =MID(C30,8,1) -> 0 | K30: =MID(C30,9,1) -> 0 | L30: J9FA13000000 | M30: 精米 | N30: J9F | O30: A | P30: 農産食品 | Q30: 1 | R30: 3 | S30: 精米 | T30: 精米 | U30: 0 | V30: 0 | W30: 精米 | X30: 精米 | Y30: 0 | Z30: 0 | AA30: 精米 | AB30: 精米 | AC30: 0 | AD30: 0 | AE30: 精米 | AF30: 白米 | AI30: 精米のPTを白米に変更 | AJ30: =IF(OR(AS30=1,AT30=1,AU30=1,AV30=1,AW30=1,AX30=1,AY30=1,AZ30=1,BA30=1,BB30=1,BC30=1,BD30=1),TRUE,FALSE) -> FALSE | AK30: =O30&Q30&R30&U30&V30&Y30&Z30&AC30&AD30 -> A13000000 | AL30: 6913 | AM30: =C30<>AK30 -> TRUE | AN30: =N30&AK30 -> J9FA13000000 | AO30: 精米、うるち精米、もち精米 | AR30: =IF(AL30<>"",1,"") -> 1 | AS30: =IF(IFERROR(VLOOKUP(AE30,#REF!,1,0),"")<>"",1,"") | AT30: =IF(IFERROR(VLOOKUP(AE30,#REF!,1,0),"")<>"",1,"") | AU30: =IF(IFERROR(VLOOKUP(AE30,#REF!,1,0),"")<>"",1,"") | AV30: =IF(IFERROR(VLOOKUP(AE30,#REF!,1,0),"")<>"",1,"") | AW30: =IF(IFERROR(VLOOKUP(AE30,#REF!,1,0),"")<>"",1,"") | AX30: =IF(IFERROR(VLOOKUP(AE30,#REF!,1,0),"")<>"",1,"") | AY30: =IF(IFERROR(VLOOKUP(AE30,#REF!,1,0),"")<>"",1,"") | AZ30: =IF(IFERROR(VLOOKUP(AE30,#REF!,1,0),"")<>"",1,"") | BA30: =IF(IFERROR(VLOOKUP(AE30,#REF!,1,0),"")<>"",1,"") | BB30: =IF(IFERROR(VLOOKUP(AE30,#REF!,1,0),"")<>"",1,"") | BC30: =IF(IFERROR(VLOOKUP(AE30,#REF!,1,0),"")<>"",1,"") | BD30: =IF(IFERROR(VLOOKUP(AE30,#REF!,1,0),"")<>"",1,"") | BE30: =SUM(AR30:BD30) -> 1
A31: 32 | B31: 69133 | C31: =LEFT(B31 & "000000000", 9) -> 691330000 | D31: =MID(C31,1,2) -> 69 | E31: =MID(C31,3,1) -> 1 | F31: =MID(C31,4,1) -> 3 | G31: =MID(C31,5,1) -> 3 | H31: =MID(C31,6,1) -> 0 | I31: =MID(C31,7,1) -> 0 | J31: =MID(C31,8,1) -> 0 | K31: =MID(C31,9,1) -> 0 | L31: J9FA13000011 | M31: 砕精米 | N31: J9F | O31: A | P31: 農産食品 | Q31: 1 | R31: 3 | S31: 精米 | T31: 精米 | U31: 0 | V31: 0 | W31: 精米 | X31: 精米 | Y31: 0 | Z31: 0 | AA31: 精米 | AB31: 精米 | AC31: 1 | AD31: 1 | AE31: 砕精米 | AF31: 砕精米 | AH31: 1 | AJ31: =IF(OR(AS31=1,AT31=1,AU31=1,AV31=1,AW31=1,AX31=1,AY31=1,AZ31=1,BA31=1,BB31=1,BC31=1,BD31=1),TRUE,FALSE) -> FALSE | AK31: =O31&Q31&R31&U31&V31&Y31&Z31&AC31&AD31 -> A13000011 | AL31: 69133 | AM31: =C31<>AK31 -> TRUE | AN31: =N31&AK31 -> J9FA13000011 | AR31: =IF(AL31<>"",1,"") -> 1 | AS31: =IF(IFERROR(VLOOKUP(AE31,#REF!,1,0),"")<>"",1,"") | AT31: =IF(IFERROR(VLOOKUP(AE31,#REF!,1,0),"")<>"",1,"") | AU31: =IF(IFERROR(VLOOKUP(AE31,#REF!,1,0),"")<>"",1,"") | AV31: =IF(IFERROR(VLOOKUP(AE31,#REF!,1,0),"")<>"",1,"") | AW31: =IF(IFERROR(VLOOKUP(AE31,#REF!,1,0),"")<>"",1,"") | AX31: =IF(IFERROR(VLOOKUP(AE31,#REF!,1,0),"")<>"",1,"") | AY31: =IF(IFERROR(VLOOKUP(AE31,#REF!,1,0),"")<>"",1,"") | AZ31: =IF(IFERROR(VLOOKUP(AE31,#REF!,1,0),"")<>"",1,"") | BA31: =IF(IFERROR(VLOOKUP(AE31,#REF!,1,0),"")<>"",1,"") | BB31: =IF(IFERROR(VLOOKUP(AE31,#REF!,1,0),"")<>"",1,"") | BC31: =IF(IFERROR(VLOOKUP(AE31,#REF!,1,0),"")<>"",1,"") | BD31: =IF(IFERROR(VLOOKUP(AE31,#REF!,1,0),"")<>"",1,"") | BE31: =SUM(AR31:BD31) -> 1
A32: 1490 | B32: 72622 | C32: =LEFT(B32 & "000000000", 9) -> 726220000 | D32: =MID(C32,1,2) -> 72 | E32: =MID(C32,3,1) -> 6 | F32: =MID(C32,4,1) -> 2 | G32: =MID(C32,5,1) -> 2 | H32: =MID(C32,6,1) -> 0 | I32: =MID(C32,7,1) -> 0 | J32: =MID(C32,8,1) -> 0 | K32: =MID(C32,9,1) -> 0 | L32: J9FA13000012 | M32: もち | N32: J9F | O32: A | P32: 農産食品 | Q32: 1 | R32: 3 | S32: 精米 | T32: 精米 | U32: 0 | V32: 0 | W32: 精米 | X32: 精米 | Y32: 0 | Z32: 0 | AA32: 精米 | AB32: 精米 | AC32: 1 | AD32: 2 | AE32: もち | AF32: もち | AJ32: =IF(OR(AS32=1,AT32=1,AU32=1,AV32=1,AW32=1,AX32=1,AY32=1,AZ32=1,BA32=1,BB32=1,BC32=1,BD32=1),TRUE,FALSE) -> FALSE | AK32: =O32&Q32&R32&U32&V32&Y32&Z32&AC32&AD32 -> A13000012 | AL32: 72622 | AM32: =C32<>AK32 -> TRUE | AN32: =N32&AK32 -> J9FA13000012 | AR32: =IF(AL32<>"",1,"") -> 1 | AS32: =IF(IFERROR(VLOOKUP(AE32,#REF!,1,0),"")<>"",1,"") | AT32: =IF(IFERROR(VLOOKUP(AE32,#REF!,1,0),"")<>"",1,"") | AU32: =IF(IFERROR(VLOOKUP(AE32,#REF!,1,0),"")<>"",1,"") | AV32: =IF(IFERROR(VLOOKUP(AE32,#REF!,1,0),"")<>"",1,"") | AW32: =IF(IFERROR(VLOOKUP(AE32,#REF!,1,0),"")<>"",1,"") | AX32: =IF(IFERROR(VLOOKUP(AE32,#REF!,1,0),"")<>"",1,"") | AY32: =IF(IFERROR(VLOOKUP(AE32,#REF!,1,0),"")<>"",1,"") | AZ32: =IF(IFERROR(VLOOKUP(AE32,#REF!,1,0),"")<>"",1,"") | BA32: =IF(IFERROR(VLOOKUP(AE32,#REF!,1,0),"")<>"",1,"") | BB32: =IF(IFERROR(VLOOKUP(AE32,#REF!,1,0),"")<>"",1,"") | BC32: =IF(IFERROR(VLOOKUP(AE32,#REF!,1,0),"")<>"",1,"") | BD32: =IF(IFERROR(VLOOKUP(AE32,#REF!,1,0),"")<>"",1,"") | BE32: =SUM(AR32:BD32) -> 1
A33: 170 | B33: 6951 | C33: =LEFT(B33 & "000000000", 9) -> 695100000 | D33: =MID(C33,1,2) -> 69 | E33: =MID(C33,3,1) -> 5 | F33: =MID(C33,4,1) -> 1 | G33: =MID(C33,5,1) -> 0 | H33: =MID(C33,6,1) -> 0 | I33: =MID(C33,7,1) -> 0 | J33: =MID(C33,8,1) -> 0 | K33: =MID(C33,9,1) -> 0 | L33: J9FA13000013 | M33: 米粉（白玉粉及びみじん粉を含む。） | N33: J9F | O33: A | P33: 農産食品 | Q33: 1 | R33: 3 | S33: 精米 | T33: 精米 | U33: 0 | V33: 0 | W33: 精米 | X33: 精米 | Y33: 0 | Z33: 0 | AA33: 精米 | AB33: 精米 | AC33: 1 | AD33: 3 | AE33: 米粉（白玉粉及びみじん粉を含む。） | AF33: 米粉 | AJ33: =IF(OR(AS33=1,AT33=1,AU33=1,AV33=1,AW33=1,AX33=1,AY33=1,AZ33=1,BA33=1,BB33=1,BC33=1,BD33=1),TRUE,FALSE) -> FALSE | AK33: =O33&Q33&R33&U33&V33&Y33&Z33&AC33&AD33 -> A13000013 | AL33: 6951 | AM33: =C33<>AK33 -> TRUE | AN33: =N33&AK33 -> J9FA13000013 | AO33: こめ粉、寒梅粉、みじん粉、白玉粉、上新粉、もち米粉 | AR33: =IF(AL33<>"",1,"") -> 1 | AS33: =IF(IFERROR(VLOOKUP(AE33,#REF!,1,0),"")<>"",1,"") | AT33: =IF(IFERROR(VLOOKUP(AE33,#REF!,1,0),"")<>"",1,"") | AU33: =IF(IFERROR(VLOOKUP(AE33,#REF!,1,0),"")<>"",1,"") | AV33: =IF(IFERROR(VLOOKUP(AE33,#REF!,1,0),"")<>"",1,"") | AW33: =IF(IFERROR(VLOOKUP(AE33,#REF!,1,0),"")<>"",1,"") | AX33: =IF(IFERROR(VLOOKUP(AE33,#REF!,1,0),"")<>"",1,"") | AY33: =IF(IFERROR(VLOOKUP(AE33,#REF!,1,0),"")<>"",1,"") | AZ33: =IF(IFERROR(VLOOKUP(AE33,#REF!,1,0),"")<>"",1,"") | BA33: =IF(IFERROR(VLOOKUP(AE33,#REF!,1,0),"")<>"",1,"") | BB33: =IF(IFERROR(VLOOKUP(AE33,#REF!,1,0),"")<>"",1,"") | BC33: =IF(IFERROR(VLOOKUP(AE33,#REF!,1,0),"")<>"",1,"") | BD33: =IF(IFERROR(VLOOKUP(AE33,#REF!,1,0),"")<>"",1,"") | BE33: =SUM(AR33:BD33) -> 1
A34: 171 | B34: 69511 | C34: =LEFT(B34 & "000000000", 9) -> 695110000 | D34: =MID(C34,1,2) -> 69 | E34: =MID(C34,3,1) -> 5 | F34: =MID(C34,4,1) -> 1 | G34: =MID(C34,5,1) -> 1 | H34: =MID(C34,6,1) -> 0 | I34: =MID(C34,7,1) -> 0 | J34: =MID(C34,8,1) -> 0 | K34: =MID(C34,9,1) -> 0 | L34: J9FA13000014 | M34: うるち米粉 | N34: J9F | O34: A | P34: 農産食品 | Q34: 1 | R34: 3 | S34: 精米 | T34: 精米 | U34: 0 | V34: 0 | W34: 精米 | X34: 精米 | Y34: 0 | Z34: 0 | AA34: 精米 | AB34: 精米 | AC34: 1 | AD34: 4 | AE34: うるち米粉 | AF34: うるち米粉 | AH34: 1 | AJ34: =IF(OR(AS34=1,AT34=1,AU34=1,AV34=1,AW34=1,AX34=1,AY34=1,AZ34=1,BA34=1,BB34=1,BC34=1,BD34=1),TRUE,FALSE) -> FALSE | AK34: =O34&Q34&R34&U34&V34&Y34&Z34&AC34&AD34 -> A13000014 | AL34: 69511 | AM34: =C34<>AK34 -> TRUE | AN34: =N34&AK34 -> J9FA13000014 | AR34: =IF(AL34<>"",1,"") -> 1 | AS34: =IF(IFERROR(VLOOKUP(AE34,#REF!,1,0),"")<>"",1,"") | AT34: =IF(IFERROR(VLOOKUP(AE34,#REF!,1,0),"")<>"",1,"") | AU34: =IF(IFERROR(VLOOKUP(AE34,#REF!,1,0),"")<>"",1,"") | AV34: =IF(IFERROR(VLOOKUP(AE34,#REF!,1,0),"")<>"",1,"") | AW34: =IF(IFERROR(VLOOKUP(AE34,#REF!,1,0),"")<>"",1,"") | AX34: =IF(IFERROR(VLOOKUP(AE34,#REF!,1,0),"")<>"",1,"") | AY34: =IF(IFERROR(VLOOKUP(AE34,#REF!,1,0),"")<>"",1,"") | AZ34: =IF(IFERROR(VLOOKUP(AE34,#REF!,1,0),"")<>"",1,"") | BA34: =IF(IFERROR(VLOOKUP(AE34,#REF!,1,0),"")<>"",1,"") | BB34: =IF(IFERROR(VLOOKUP(AE34,#REF!,1,0),"")<>"",1,"") | BC34: =IF(IFERROR(VLOOKUP(AE34,#REF!,1,0),"")<>"",1,"") | BD34: =IF(IFERROR(VLOOKUP(AE34,#REF!,1,0),"")<>"",1,"") | BE34: =SUM(AR34:BD34) -> 1
A35: 172 | B35: 695111 | C35: =LEFT(B35 & "000000000", 9) -> 695111000 | D35: =MID(C35,1,2) -> 69 | E35: =MID(C35,3,1) -> 5 | F35: =MID(C35,4,1) -> 1 | G35: =MID(C35,5,1) -> 1 | H35: =MID(C35,6,1) -> 1 | I35: =MID(C35,7,1) -> 0 | J35: =MID(C35,8,1) -> 0 | K35: =MID(C35,9,1) -> 0 | L35: J9FA13000015 | M35: 上新粉 | N35: J9F | O35: A | P35: 農産食品 | Q35: 1 | R35: 3 | S35: 精米 | T35: 精米 | U35: 0 | V35: 0 | W35: 精米 | X35: 精米 | Y35: 0 | Z35: 0 | AA35: 精米 | AB35: 精米 | AC35: 1 | AD35: 5 | AE35: 上新粉 | AF35: 上新粉 | AH35: 1 | AI35: 米粉の同義語に移動 | AJ35: =IF(OR(AS35=1,AT35=1,AU35=1,AV35=1,AW35=1,AX35=1,AY35=1,AZ35=1,BA35=1,BB35=1,BC35=1,BD35=1),TRUE,FALSE) -> FALSE | AK35: =O35&Q35&R35&U35&V35&Y35&Z35&AC35&AD35 -> A13000015 | AL35: 695111 | AM35: =C35<>AK35 -> TRUE | AN35: =N35&AK35 -> J9FA13000015 | AR35: =IF(AL35<>"",1,"") -> 1 | AS35: =IF(IFERROR(VLOOKUP(AE35,#REF!,1,0),"")<>"",1,"") | AT35: =IF(IFERROR(VLOOKUP(AE35,#REF!,1,0),"")<>"",1,"") | AU35: =IF(IFERROR(VLOOKUP(AE35,#REF!,1,0),"")<>"",1,"") | AV35: =IF(IFERROR(VLOOKUP(AE35,#REF!,1,0),"")<>"",1,"") | AW35: =IF(IFERROR(VLOOKUP(AE35,#REF!,1,0),"")<>"",1,"") | AX35: =IF(IFERROR(VLOOKUP(AE35,#REF!,1,0),"")<>"",1,"") | AY35: =IF(IFERROR(VLOOKUP(AE35,#REF!,1,0),"")<>"",1,"") | AZ35: =IF(IFERROR(VLOOKUP(AE35,#REF!,1,0),"")<>"",1,"") | BA35: =IF(IFERROR(VLOOKUP(AE35,#REF!,1,0),"")<>"",1,"") | BB35: =IF(IFERROR(VLOOKUP(AE35,#REF!,1,0),"")<>"",1,"") | BC35: =IF(IFERROR(VLOOKUP(AE35,#REF!,1,0),"")<>"",1,"") | BD35: =IF(IFERROR(VLOOKUP(AE35,#REF!,1,0),"")<>"",1,"") | BE35: =SUM(AR35:BD35) -> 1
A36: 173 | B36: 695119 | C36: =LEFT(B36 & "000000000", 9) -> 695119000 | D36: =MID(C36,1,2) -> 69 | E36: =MID(C36,3,1) -> 5 | F36: =MID(C36,4,1) -> 1 | G36: =MID(C36,5,1) -> 1 | H36: =MID(C36,6,1) -> 9 | I36: =MID(C36,7,1) -> 0 | J36: =MID(C36,8,1) -> 0 | K36: =MID(C36,9,1) -> 0 | M36: その他のうるち米粉 | O36: A | P36: 農産食品 | Q36: 1 | S36: 精米 | T36: 精米 | U36: 0 | V36: 0 | X36: 精米 | Y36: 0 | Z36: 0 | AB36: 精米 | AC36: 0 | AD36: 0 | AE36: その他のうるち米粉 | AG36: 1 | AH36: 1 | AK36: =O36&Q36&#REF!&U36&V36&Y36&Z36&AC36&AD36 -> #REF! | AL36: 695119 | AM36: =C36<>AK36 -> #REF! | AR36: =IF(AL36<>"",1,"") -> 1 | AS36: =IF(IFERROR(VLOOKUP(AE36,#REF!,1,0),"")<>"",1,"") | AT36: =IF(IFERROR(VLOOKUP(AE36,#REF!,1,0),"")<>"",1,"") | AU36: =IF(IFERROR(VLOOKUP(AE36,#REF!,1,0),"")<>"",1,"") | AV36: =IF(IFERROR(VLOOKUP(AE36,#REF!,1,0),"")<>"",1,"") | AW36: =IF(IFERROR(VLOOKUP(AE36,#REF!,1,0),"")<>"",1,"") | AX36: =IF(IFERROR(VLOOKUP(AE36,#REF!,1,0),"")<>"",1,"") | AY36: =IF(IFERROR(VLOOKUP(AE36,#REF!,1,0),"")<>"",1,"") | AZ36: =IF(IFERROR(VLOOKUP(AE36,#REF!,1,0),"")<>"",1,"") | BA36: =IF(IFERROR(VLOOKUP(AE36,#REF!,1,0),"")<>"",1,"") | BB36: =IF(IFERROR(VLOOKUP(AE36,#REF!,1,0),"")<>"",1,"") | BC36: =IF(IFERROR(VLOOKUP(AE36,#REF!,1,0),"")<>"",1,"") | BD36: =IF(IFERROR(VLOOKUP(AE36,#REF!,1,0),"")<>"",1,"") | BE36: =SUM(AR36:BD36) -> 1
A37: 174 | B37: 69512 | C37: =LEFT(B37 & "000000000", 9) -> 695120000 | D37: =MID(C37,1,2) -> 69 | E37: =MID(C37,3,1) -> 5 | F37: =MID(C37,4,1) -> 1 | G37: =MID(C37,5,1) -> 2 | H37: =MID(C37,6,1) -> 0 | I37: =MID(C37,7,1) -> 0 | J37: =MID(C37,8,1) -> 0 | K37: =MID(C37,9,1) -> 0 | L37: J9FA13000016 | M37: もち米粉 | N37: J9F | O37: A | P37: 農産食品 | Q37: 1 | R37: 3 | S37: 精米 | T37: 精米 | U37: 0 | V37: 0 | W37: 精米 | X37: 精米 | Y37: 0 | Z37: 0 | AA37: 精米 | AB37: 精米 | AC37: 1 | AD37: 6 | AE37: もち米粉 | AF37: もち米粉 | AH37: 1 | AI37: 米粉の同義語に移動 | AJ37: =IF(OR(AS37=1,AT37=1,AU37=1,AV37=1,AW37=1,AX37=1,AY37=1,AZ37=1,BA37=1,BB37=1,BC37=1,BD37=1),TRUE,FALSE) -> FALSE | AK37: =O37&Q37&R37&U37&V37&Y37&Z37&AC37&AD37 -> A13000016 | AL37: 69512 | AM37: =C37<>AK37 -> TRUE | AN37: =N37&AK37 -> J9FA13000016 | AR37: =IF(AL37<>"",1,"") -> 1 | AS37: =IF(IFERROR(VLOOKUP(AE37,#REF!,1,0),"")<>"",1,"") | AT37: =IF(IFERROR(VLOOKUP(AE37,#REF!,1,0),"")<>"",1,"") | AU37: =IF(IFERROR(VLOOKUP(AE37,#REF!,1,0),"")<>"",1,"") | AV37: =IF(IFERROR(VLOOKUP(AE37,#REF!,1,0),"")<>"",1,"") | AW37: =IF(IFERROR(VLOOKUP(AE37,#REF!,1,0),"")<>"",1,"") | AX37: =IF(IFERROR(VLOOKUP(AE37,#REF!,1,0),"")<>"",1,"") | AY37: =IF(IFERROR(VLOOKUP(AE37,#REF!,1,0),"")<>"",1,"") | AZ37: =IF(IFERROR(VLOOKUP(AE37,#REF!,1,0),"")<>"",1,"") | BA37: =IF(IFERROR(VLOOKUP(AE37,#REF!,1,0),"")<>"",1,"") | BB37: =IF(IFERROR(VLOOKUP(AE37,#REF!,1,0),"")<>"",1,"") | BC37: =IF(IFERROR(VLOOKUP(AE37,#REF!,1,0),"")<>"",1,"") | BD37: =IF(IFERROR(VLOOKUP(AE37,#REF!,1,0),"")<>"",1,"") | BE37: =SUM(AR37:BD37) -> 1
A38: 175 | B38: 695121 | C38: =LEFT(B38 & "000000000", 9) -> 695121000 | D38: =MID(C38,1,2) -> 69 | E38: =MID(C38,3,1) -> 5 | F38: =MID(C38,4,1) -> 1 | G38: =MID(C38,5,1) -> 2 | H38: =MID(C38,6,1) -> 1 | I38: =MID(C38,7,1) -> 0 | J38: =MID(C38,8,1) -> 0 | K38: =MID(C38,9,1) -> 0 | L38: J9FA13000017 | M38: 白玉粉 | N38: J9F | O38: A | P38: 農産食品 | Q38: 1 | R38: 3 | S38: 精米 | T38: 精米 | U38: 0 | V38: 0 | W38: 精米 | X38: 精米 | Y38: 0 | Z38: 0 | AA38: 精米 | AB38: 精米 | AC38: 1 | AD38: 7 | AE38: 白玉粉 | AF38: 白玉粉 | AH38: 1 | AI38: 米粉の同義語に移動 | AJ38: =IF(OR(AS38=1,AT38=1,AU38=1,AV38=1,AW38=1,AX38=1,AY38=1,AZ38=1,BA38=1,BB38=1,BC38=1,BD38=1),TRUE,FALSE) -> FALSE | AK38: =O38&Q38&R38&U38&V38&Y38&Z38&AC38&AD38 -> A13000017 | AL38: 695121 | AM38: =C38<>AK38 -> TRUE | AN38: =N38&AK38 -> J9FA13000017 | AR38: =IF(AL38<>"",1,"") -> 1 | AS38: =IF(IFERROR(VLOOKUP(AE38,#REF!,1,0),"")<>"",1,"") | AT38: =IF(IFERROR(VLOOKUP(AE38,#REF!,1,0),"")<>"",1,"") | AU38: =IF(IFERROR(VLOOKUP(AE38,#REF!,1,0),"")<>"",1,"") | AV38: =IF(IFERROR(VLOOKUP(AE38,#REF!,1,0),"")<>"",1,"") | AW38: =IF(IFERROR(VLOOKUP(AE38,#REF!,1,0),"")<>"",1,"") | AX38: =IF(IFERROR(VLOOKUP(AE38,#REF!,1,0),"")<>"",1,"") | AY38: =IF(IFERROR(VLOOKUP(AE38,#REF!,1,0),"")<>"",1,"") | AZ38: =IF(IFERROR(VLOOKUP(AE38,#REF!,1,0),"")<>"",1,"") | BA38: =IF(IFERROR(VLOOKUP(AE38,#REF!,1,0),"")<>"",1,"") | BB38: =IF(IFERROR(VLOOKUP(AE38,#REF!,1,0),"")<>"",1,"") | BC38: =IF(IFERROR(VLOOKUP(AE38,#REF!,1,0),"")<>"",1,"") | BD38: =IF(IFERROR(VLOOKUP(AE38,#REF!,1,0),"")<>"",1,"") | BE38: =SUM(AR38:BD38) -> 1
A39: 176 | B39: 695122 | C39: =LEFT(B39 & "000000000", 9) -> 695122000 | D39: =MID(C39,1,2) -> 69 | E39: =MID(C39,3,1) -> 5 | F39: =MID(C39,4,1) -> 1 | G39: =MID(C39,5,1) -> 2 | H39: =MID(C39,6,1) -> 2 | I39: =MID(C39,7,1) -> 0 | J39: =MID(C39,8,1) -> 0 | K39: =MID(C39,9,1) -> 0 | L39: J9FA13000018 | M39: もち粉 | N39: J9F | O39: A | P39: 農産食品 | Q39: 1 | R39: 3 | S39: 精米 | T39: 精米 | U39: 0 | V39: 0 | W39: 精米 | X39: 精米 | Y39: 0 | Z39: 0 | AA39: 精米 | AB39: 精米 | AC39: 1 | AD39: 8 | AE39: もち粉 | AF39: もち粉 | AH39: 1 | AI39: 米粉の同義語に移動 | AJ39: =IF(OR(AS39=1,AT39=1,AU39=1,AV39=1,AW39=1,AX39=1,AY39=1,AZ39=1,BA39=1,BB39=1,BC39=1,BD39=1),TRUE,FALSE) -> FALSE | AK39: =O39&Q39&R39&U39&V39&Y39&Z39&AC39&AD39 -> A13000018 | AL39: 695122 | AM39: =C39<>AK39 -> TRUE | AN39: =N39&AK39 -> J9FA13000018 | AR39: =IF(AL39<>"",1,"") -> 1 | AS39: =IF(IFERROR(VLOOKUP(AE39,#REF!,1,0),"")<>"",1,"") | AT39: =IF(IFERROR(VLOOKUP(AE39,#REF!,1,0),"")<>"",1,"") | AU39: =IF(IFERROR(VLOOKUP(AE39,#REF!,1,0),"")<>"",1,"") | AV39: =IF(IFERROR(VLOOKUP(AE39,#REF!,1,0),"")<>"",1,"") | AW39: =IF(IFERROR(VLOOKUP(AE39,#REF!,1,0),"")<>"",1,"") | AX39: =IF(IFERROR(VLOOKUP(AE39,#REF!,1,0),"")<>"",1,"") | AY39: =IF(IFERROR(VLOOKUP(AE39,#REF!,1,0),"")<>"",1,"") | AZ39: =IF(IFERROR(VLOOKUP(AE39,#REF!,1,0),"")<>"",1,"") | BA39: =IF(IFERROR(VLOOKUP(AE39,#REF!,1,0),"")<>"",1,"") | BB39: =IF(IFERROR(VLOOKUP(AE39,#REF!,1,0),"")<>"",1,"") | BC39: =IF(IFERROR(VLOOKUP(AE39,#REF!,1,0),"")<>"",1,"") | BD39: =IF(IFERROR(VLOOKUP(AE39,#REF!,1,0),"")<>"",1,"") | BE39: =SUM(AR39:BD39) -> 1
A40: 177 | B40: 695123 | C40: =LEFT(B40 & "000000000", 9) -> 695123000 | D40: =MID(C40,1,2) -> 69 | E40: =MID(C40,3,1) -> 5 | F40: =MID(C40,4,1) -> 1 | G40: =MID(C40,5,1) -> 2 | H40: =MID(C40,6,1) -> 3 | I40: =MID(C40,7,1) -> 0 | J40: =MID(C40,8,1) -> 0 | K40: =MID(C40,9,1) -> 0 | L40: J9FA13000019 | M40: 寒梅粉 | N40: J9F | O40: A | P40: 農産食品 | Q40: 1 | R40: 3 | S40: 精米 | T40: 精米 | U40: 0 | V40: 0 | W40: 精米 | X40: 精米 | Y40: 0 | Z40: 0 | AA40: 精米 | AB40: 精米 | AC40: 1 | AD40: 9 | AE40: 寒梅粉 | AF40: 寒梅粉 | AH40: 1 | AI40: 米粉の同義語に移動 | AJ40: =IF(OR(AS40=1,AT40=1,AU40=1,AV40=1,AW40=1,AX40=1,AY40=1,AZ40=1,BA40=1,BB40=1,BC40=1,BD40=1),TRUE,FALSE) -> FALSE | AK40: =O40&Q40&R40&U40&V40&Y40&Z40&AC40&AD40 -> A13000019 | AL40: 695123 | AM40: =C40<>AK40 -> TRUE | AN40: =N40&AK40 -> J9FA13000019 | AR40: =IF(AL40<>"",1,"") -> 1 | AS40: =IF(IFERROR(VLOOKUP(AE40,#REF!,1,0),"")<>"",1,"") | AT40: =IF(IFERROR(VLOOKUP(AE40,#REF!,1,0),"")<>"",1,"") | AU40: =IF(IFERROR(VLOOKUP(AE40,#REF!,1,0),"")<>"",1,"") | AV40: =IF(IFERROR(VLOOKUP(AE40,#REF!,1,0),"")<>"",1,"") | AW40: =IF(IFERROR(VLOOKUP(AE40,#REF!,1,0),"")<>"",1,"") | AX40: =IF(IFERROR(VLOOKUP(AE40,#REF!,1,0),"")<>"",1,"") | AY40: =IF(IFERROR(VLOOKUP(AE40,#REF!,1,0),"")<>"",1,"") | AZ40: =IF(IFERROR(VLOOKUP(AE40,#REF!,1,0),"")<>"",1,"") | BA40: =IF(IFERROR(VLOOKUP(AE40,#REF!,1,0),"")<>"",1,"") | BB40: =IF(IFERROR(VLOOKUP(AE40,#REF!,1,0),"")<>"",1,"") | BC40: =IF(IFERROR(VLOOKUP(AE40,#REF!,1,0),"")<>"",1,"") | BD40: =IF(IFERROR(VLOOKUP(AE40,#REF!,1,0),"")<>"",1,"") | BE40: =SUM(AR40:BD40) -> 1
A41: 178 | B41: 695124 | C41: =LEFT(B41 & "000000000", 9) -> 695124000 | D41: =MID(C41,1,2) -> 69 | E41: =MID(C41,3,1) -> 5 | F41: =MID(C41,4,1) -> 1 | G41: =MID(C41,5,1) -> 2 | H41: =MID(C41,6,1) -> 4 | I41: =MID(C41,7,1) -> 0 | J41: =MID(C41,8,1) -> 0 | K41: =MID(C41,9,1) -> 0 | L41: J9FA13000021 | M41: みじん粉 | N41: J9F | O41: A | P41: 農産食品 | Q41: 1 | R41: 3 | S41: 精米 | T41: 精米 | U41: 0 | V41: 0 | W41: 精米 | X41: 精米 | Y41: 0 | Z41: 0 | AA41: 精米 | AB41: 精米 | AC41: 2 | AD41: 1 | AE41: みじん粉 | AF41: みじん粉 | AH41: 1 | AI41: 米粉の同義語に移動 | AJ41: =IF(OR(AS41=1,AT41=1,AU41=1,AV41=1,AW41=1,AX41=1,AY41=1,AZ41=1,BA41=1,BB41=1,BC41=1,BD41=1),TRUE,FALSE) -> FALSE | AK41: =O41&Q41&R41&U41&V41&Y41&Z41&AC41&AD41 -> A13000021 | AL41: 695124 | AM41: =C41<>AK41 -> TRUE | AN41: =N41&AK41 -> J9FA13000021 | AR41: =IF(AL41<>"",1,"") -> 1 | AS41: =IF(IFERROR(VLOOKUP(AE41,#REF!,1,0),"")<>"",1,"") | AT41: =IF(IFERROR(VLOOKUP(AE41,#REF!,1,0),"")<>"",1,"") | AU41: =IF(IFERROR(VLOOKUP(AE41,#REF!,1,0),"")<>"",1,"") | AV41: =IF(IFERROR(VLOOKUP(AE41,#REF!,1,0),"")<>"",1,"") | AW41: =IF(IFERROR(VLOOKUP(AE41,#REF!,1,0),"")<>"",1,"") | AX41: =IF(IFERROR(VLOOKUP(AE41,#REF!,1,0),"")<>"",1,"") | AY41: =IF(IFERROR(VLOOKUP(AE41,#REF!,1,0),"")<>"",1,"") | AZ41: =IF(IFERROR(VLOOKUP(AE41,#REF!,1,0),"")<>"",1,"") | BA41: =IF(IFERROR(VLOOKUP(AE41,#REF!,1,0),"")<>"",1,"") | BB41: =IF(IFERROR(VLOOKUP(AE41,#REF!,1,0),"")<>"",1,"") | BC41: =IF(IFERROR(VLOOKUP(AE41,#REF!,1,0),"")<>"",1,"") | BD41: =IF(IFERROR(VLOOKUP(AE41,#REF!,1,0),"")<>"",1,"") | BE41: =SUM(AR41:BD41) -> 1
A42: 179 | B42: 695129 | C42: =LEFT(B42 & "000000000", 9) -> 695129000 | D42: =MID(C42,1,2) -> 69 | E42: =MID(C42,3,1) -> 5 | F42: =MID(C42,4,1) -> 1 | G42: =MID(C42,5,1) -> 2 | H42: =MID(C42,6,1) -> 9 | I42: =MID(C42,7,1) -> 0 | J42: =MID(C42,8,1) -> 0 | K42: =MID(C42,9,1) -> 0 | M42: その他のもち米粉 | O42: A | P42: 農産食品 | Q42: 1 | S42: 精米 | T42: 精米 | U42: 0 | V42: 0 | X42: 精米 | Y42: 0 | Z42: 0 | AB42: 精米 | AC42: 1 | AD42: 1 | AE42: その他のもち米粉 | AG42: 1 | AH42: 1 | AK42: =O42&Q42&#REF!&U42&V42&Y42&Z42&AC42&AD42 -> #REF! | AL42: 695129 | AM42: =C42<>AK42 -> #REF! | AR42: =IF(AL42<>"",1,"") -> 1 | AS42: =IF(IFERROR(VLOOKUP(AE42,#REF!,1,0),"")<>"",1,"") | AT42: =IF(IFERROR(VLOOKUP(AE42,#REF!,1,0),"")<>"",1,"") | AU42: =IF(IFERROR(VLOOKUP(AE42,#REF!,1,0),"")<>"",1,"") | AV42: =IF(IFERROR(VLOOKUP(AE42,#REF!,1,0),"")<>"",1,"") | AW42: =IF(IFERROR(VLOOKUP(AE42,#REF!,1,0),"")<>"",1,"") | AX42: =IF(IFERROR(VLOOKUP(AE42,#REF!,1,0),"")<>"",1,"") | AY42: =IF(IFERROR(VLOOKUP(AE42,#REF!,1,0),"")<>"",1,"") | AZ42: =IF(IFERROR(VLOOKUP(AE42,#REF!,1,0),"")<>"",1,"") | BA42: =IF(IFERROR(VLOOKUP(AE42,#REF!,1,0),"")<>"",1,"") | BB42: =IF(IFERROR(VLOOKUP(AE42,#REF!,1,0),"")<>"",1,"") | BC42: =IF(IFERROR(VLOOKUP(AE42,#REF!,1,0),"")<>"",1,"") | BD42: =IF(IFERROR(VLOOKUP(AE42,#REF!,1,0),"")<>"",1,"") | BE42: =SUM(AR42:BD42) -> 1
A43: 2652 | B43: 999999999 | C43: 999999999 | D43: =MID(C43,1,2) -> 99 | E43: =MID(C43,3,1) -> 9 | F43: =MID(C43,4,1) -> 9 | G43: =MID(C43,5,1) -> 9 | H43: =MID(C43,6,1) -> 9 | I43: =MID(C43,7,1) -> 9 | J43: =MID(C43,8,1) -> 9 | K43: =MID(C43,9,1) -> 9 | L43: J9FA13000022 | M43: 米ぬか | N43: J9F | O43: A | P43: 農産食品 | Q43: 1 | R43: 3 | S43: 精米 | T43: 精米 | U43: 0 | V43: 0 | W43: 精米 | X43: 精米 | Y43: 0 | Z43: 0 | AA43: 精米 | AB43: 精米 | AC43: 2 | AD43: 2 | AE43: 米ぬか | AF43: 米ぬか | AG43: 1 | AI43: 玄米以下に移動 | AJ43: =IF(OR(AS43=1,AT43=1,AU43=1),TRUE,FALSE) -> FALSE | AK43: =O43&Q43&R43&U43&V43&Y43&Z43&AC43&AD43 -> A13000022 | AM43: =C43<>AK43 -> TRUE | AN43: =N43&AK43 -> J9FA13000022 | AR43: =IF(AL43<>"",1,"") | AS43: =IF(IFERROR(VLOOKUP(AE43,#REF!,1,0),"")<>"",1,"") | AT43: =IF(IFERROR(VLOOKUP(AE43,#REF!,1,0),"")<>"",1,"") | AU43: =IF(IFERROR(VLOOKUP(AE43,#REF!,1,0),"")<>"",1,"") | AV43: =IF(IFERROR(VLOOKUP(AE43,#REF!,1,0),"")<>"",1,"") | AW43: =IF(IFERROR(VLOOKUP(AE43,#REF!,1,0),"")<>"",1,"") | AX43: =IF(IFERROR(VLOOKUP(AE43,#REF!,1,0),"")<>"",1,"") | AY43: =IF(IFERROR(VLOOKUP(AE43,#REF!,1,0),"")<>"",1,"") | AZ43: =IF(IFERROR(VLOOKUP(AE43,#REF!,1,0),"")<>"",1,"") | BA43: =IF(IFERROR(VLOOKUP(AE43,#REF!,1,0),"")<>"",1,"") | BB43: =IF(IFERROR(VLOOKUP(AE43,#REF!,1,0),"")<>"",1,"") | BC43: =IF(IFERROR(VLOOKUP(AE43,#REF!,1,0),"")<>"",1,"") | BD43: =IF(IFERROR(VLOOKUP(AE43,#REF!,1,0),"")<>"",1,"") | BE43: =SUM(AR43:BD43) -> 0
A44: 24 | B44: 69131 | C44: =LEFT(B44 & "000000000", 9) -> 691310000 | D44: =MID(C44,1,2) -> 69 | E44: =MID(C44,3,1) -> 1 | F44: =MID(C44,4,1) -> 3 | G44: =MID(C44,5,1) -> 1 | H44: =MID(C44,6,1) -> 0 | I44: =MID(C44,7,1) -> 0 | J44: =MID(C44,8,1) -> 0 | K44: =MID(C44,9,1) -> 0 | L44: J9FA13110000 | M44: 国内産精米 | N44: J9F | O44: A | P44: 農産食品 | Q44: 1 | R44: 3 | S44: 精米 | T44: 精米 | U44: 1 | V44: 1 | W44: 国内産精米 | X44: 国内産精米 | Y44: 0 | Z44: 0 | AA44: 国内産精米 | AB44: 国内産精米 | AC44: 0 | AD44: 0 | AE44: 国内産精米 | AF44: 国内産精米 | AH44: 1 | AJ44: =IF(OR(AS44=1,AT44=1,AU44=1,AV44=1,AW44=1,AX44=1,AY44=1,AZ44=1,BA44=1,BB44=1,BC44=1,BD44=1),TRUE,FALSE) -> FALSE | AK44: =O44&Q44&R44&U44&V44&Y44&Z44&AC44&AD44 -> A13110000 | AL44: 69131 | AM44: =C44<>AK44 -> TRUE | AN44: =N44&AK44 -> J9FA13110000 | AR44: =IF(AL44<>"",1,"") -> 1 | AS44: =IF(IFERROR(VLOOKUP(AE44,#REF!,1,0),"")<>"",1,"") | AT44: =IF(IFERROR(VLOOKUP(AE44,#REF!,1,0),"")<>"",1,"") | AU44: =IF(IFERROR(VLOOKUP(AE44,#REF!,1,0),"")<>"",1,"") | AV44: =IF(IFERROR(VLOOKUP(AE44,#REF!,1,0),"")<>"",1,"") | AW44: =IF(IFERROR(VLOOKUP(AE44,#REF!,1,0),"")<>"",1,"") | AX44: =IF(IFERROR(VLOOKUP(AE44,#REF!,1,0),"")<>"",1,"") | AY44: =IF(IFERROR(VLOOKUP(AE44,#REF!,1,0),"")<>"",1,"") | AZ44: =IF(IFERROR(VLOOKUP(AE44,#REF!,1,0),"")<>"",1,"") | BA44: =IF(IFERROR(VLOOKUP(AE44,#REF!,1,0),"")<>"",1,"") | BB44: =IF(IFERROR(VLOOKUP(AE44,#REF!,1,0),"")<>"",1,"") | BC44: =IF(IFERROR(VLOOKUP(AE44,#REF!,1,0),"")<>"",1,"") | BD44: =IF(IFERROR(VLOOKUP(AE44,#REF!,1,0),"")<>"",1,"") | BE44: =SUM(AR44:BD44) -> 1
A45: 33 | B45: 691331 | C45: =LEFT(B45 & "000000000", 9) -> 691331000 | D45: =MID(C45,1,2) -> 69 | E45: =MID(C45,3,1) -> 1 | F45: =MID(C45,4,1) -> 3 | G45: =MID(C45,5,1) -> 3 | H45: =MID(C45,6,1) -> 1 | I45: =MID(C45,7,1) -> 0 | J45: =MID(C45,8,1) -> 0 | K45: =MID(C45,9,1) -> 0 | L45: J9FA13110011 | M45: 国内産砕精米 | N45: J9F | O45: A | P45: 農産食品 | Q45: 1 | R45: 3 | S45: 精米 | T45: 精米 | U45: 1 | V45: 1 | W45: 国内産精米 | X45: 国内産精米 | Y45: 0 | Z45: 0 | AA45: 国内産精米 | AB45: 国内産精米 | AC45: 1 | AD45: 1 | AE45: 国内産砕精米 | AF45: 国内産砕精米 | AH45: 1 | AJ45: =IF(OR(AS45=1,AT45=1,AU45=1,AV45=1,AW45=1,AX45=1,AY45=1,AZ45=1,BA45=1,BB45=1,BC45=1,BD45=1),TRUE,FALSE) -> FALSE | AK45: =O45&Q45&R45&U45&V45&Y45&Z45&AC45&AD45 -> A13110011 | AL45: 691331 | AM45: =C45<>AK45 -> TRUE | AN45: =N45&AK45 -> J9FA13110011 | AR45: =IF(AL45<>"",1,"") -> 1 | AS45: =IF(IFERROR(VLOOKUP(AE45,#REF!,1,0),"")<>"",1,"") | AT45: =IF(IFERROR(VLOOKUP(AE45,#REF!,1,0),"")<>"",1,"") | AU45: =IF(IFERROR(VLOOKUP(AE45,#REF!,1,0),"")<>"",1,"") | AV45: =IF(IFERROR(VLOOKUP(AE45,#REF!,1,0),"")<>"",1,"") | AW45: =IF(IFERROR(VLOOKUP(AE45,#REF!,1,0),"")<>"",1,"") | AX45: =IF(IFERROR(VLOOKUP(AE45,#REF!,1,0),"")<>"",1,"") | AY45: =IF(IFERROR(VLOOKUP(AE45,#REF!,1,0),"")<>"",1,"") | AZ45: =IF(IFERROR(VLOOKUP(AE45,#REF!,1,0),"")<>"",1,"") | BA45: =IF(IFERROR(VLOOKUP(AE45,#REF!,1,0),"")<>"",1,"") | BB45: =IF(IFERROR(VLOOKUP(AE45,#REF!,1,0),"")<>"",1,"") | BC45: =IF(IFERROR(VLOOKUP(AE45,#REF!,1,0),"")<>"",1,"") | BD45: =IF(IFERROR(VLOOKUP(AE45,#REF!,1,0),"")<>"",1,"") | BE45: =SUM(AR45:BD45) -> 1
A46: 34 | B46: 6913311 | C46: =LEFT(B46 & "000000000", 9) -> 691331100 | D46: =MID(C46,1,2) -> 69 | E46: =MID(C46,3,1) -> 1 | F46: =MID(C46,4,1) -> 3 | G46: =MID(C46,5,1) -> 3 | H46: =MID(C46,6,1) -> 1 | I46: =MID(C46,7,1) -> 1 | J46: =MID(C46,8,1) -> 0 | K46: =MID(C46,9,1) -> 0 | L46: J9FA13110012 | M46: 砕うるち精米 | N46: J9F | O46: A | P46: 農産食品 | Q46: 1 | R46: 3 | S46: 精米 | T46: 精米 | U46: 1 | V46: 1 | W46: 国内産精米 | X46: 国内産精米 | Y46: 0 | Z46: 0 | AA46: 国内産精米 | AB46: 国内産精米 | AC46: 1 | AD46: 2 | AE46: 砕うるち精米（国内産砕精米） | AF46: 国内産砕うるち精米 | AH46: 1 | AJ46: =IF(OR(AS46=1,AT46=1,AU46=1,AV46=1,AW46=1,AX46=1,AY46=1,AZ46=1,BA46=1,BB46=1,BC46=1,BD46=1),TRUE,FALSE) -> FALSE | AK46: =O46&Q46&R46&U46&V46&Y46&Z46&AC46&AD46 -> A13110012 | AL46: 6913311 | AM46: =C46<>AK46 -> TRUE | AN46: =N46&AK46 -> J9FA13110012 | AR46: =IF(AL46<>"",1,"") -> 1 | AS46: =IF(IFERROR(VLOOKUP(AE46,#REF!,1,0),"")<>"",1,"") | AT46: =IF(IFERROR(VLOOKUP(AE46,#REF!,1,0),"")<>"",1,"") | AU46: =IF(IFERROR(VLOOKUP(AE46,#REF!,1,0),"")<>"",1,"") | AV46: =IF(IFERROR(VLOOKUP(AE46,#REF!,1,0),"")<>"",1,"") | AW46: =IF(IFERROR(VLOOKUP(AE46,#REF!,1,0),"")<>"",1,"") | AX46: =IF(IFERROR(VLOOKUP(AE46,#REF!,1,0),"")<>"",1,"") | AY46: =IF(IFERROR(VLOOKUP(AE46,#REF!,1,0),"")<>"",1,"") | AZ46: =IF(IFERROR(VLOOKUP(AE46,#REF!,1,0),"")<>"",1,"") | BA46: =IF(IFERROR(VLOOKUP(AE46,#REF!,1,0),"")<>"",1,"") | BB46: =IF(IFERROR(VLOOKUP(AE46,#REF!,1,0),"")<>"",1,"") | BC46: =IF(IFERROR(VLOOKUP(AE46,#REF!,1,0),"")<>"",1,"") | BD46: =IF(IFERROR(VLOOKUP(AE46,#REF!,1,0),"")<>"",1,"") | BE46: =SUM(AR46:BD46) -> 1
A47: 35 | B47: 6913312 | C47: =LEFT(B47 & "000000000", 9) -> 691331200 | D47: =MID(C47,1,2) -> 69 | E47: =MID(C47,3,1) -> 1 | F47: =MID(C47,4,1) -> 3 | G47: =MID(C47,5,1) -> 3 | H47: =MID(C47,6,1) -> 1 | I47: =MID(C47,7,1) -> 2 | J47: =MID(C47,8,1) -> 0 | K47: =MID(C47,9,1) -> 0 | L47: J9FA13110013 | M47: 砕もち精米 | N47: J9F | O47: A | P47: 農産食品 | Q47: 1 | R47: 3 | S47: 精米 | T47: 精米 | U47: 1 | V47: 1 | W47: 国内産精米 | X47: 国内産精米 | Y47: 0 | Z47: 0 | AA47: 国内産精米 | AB47: 国内産精米 | AC47: 1 | AD47: 3 | AE47: 砕もち精米（国内産砕精米） | AF47: 国内産砕もち精米 | AH47: 1 | AJ47: =IF(OR(AS47=1,AT47=1,AU47=1,AV47=1,AW47=1,AX47=1,AY47=1,AZ47=1,BA47=1,BB47=1,BC47=1,BD47=1),TRUE,FALSE) -> FALSE | AK47: =O47&Q47&R47&U47&V47&Y47&Z47&AC47&AD47 -> A13110013 | AL47: 6913312 | AM47: =C47<>AK47 -> TRUE | AN47: =N47&AK47 -> J9FA13110013 | AR47: =IF(AL47<>"",1,"") -> 1 | AS47: =IF(IFERROR(VLOOKUP(AE47,#REF!,1,0),"")<>"",1,"") | AT47: =IF(IFERROR(VLOOKUP(AE47,#REF!,1,0),"")<>"",1,"") | AU47: =IF(IFERROR(VLOOKUP(AE47,#REF!,1,0),"")<>"",1,"") | AV47: =IF(IFERROR(VLOOKUP(AE47,#REF!,1,0),"")<>"",1,"") | AW47: =IF(IFERROR(VLOOKUP(AE47,#REF!,1,0),"")<>"",1,"") | AX47: =IF(IFERROR(VLOOKUP(AE47,#REF!,1,0),"")<>"",1,"") | AY47: =IF(IFERROR(VLOOKUP(AE47,#REF!,1,0),"")<>"",1,"") | AZ47: =IF(IFERROR(VLOOKUP(AE47,#REF!,1,0),"")<>"",1,"") | BA47: =IF(IFERROR(VLOOKUP(AE47,#REF!,1,0),"")<>"",1,"") | BB47: =IF(IFERROR(VLOOKUP(AE47,#REF!,1,0),"")<>"",1,"") | BC47: =IF(IFERROR(VLOOKUP(AE47,#REF!,1,0),"")<>"",1,"") | BD47: =IF(IFERROR(VLOOKUP(AE47,#REF!,1,0),"")<>"",1,"") | BE47: =SUM(AR47:BD47) -> 1
A48: 36 | B48: 6913319 | C48: =LEFT(B48 & "000000000", 9) -> 691331900 | D48: =MID(C48,1,2) -> 69 | E48: =MID(C48,3,1) -> 1 | F48: =MID(C48,4,1) -> 3 | G48: =MID(C48,5,1) -> 3 | H48: =MID(C48,6,1) -> 1 | I48: =MID(C48,7,1) -> 9 | J48: =MID(C48,8,1) -> 0 | K48: =MID(C48,9,1) -> 0 | M48: その他の砕精米 | O48: A | P48: 農産食品 | Q48: 1 | S48: 精米 | T48: 精米 | U48: 1 | V48: 1 | X48: 国内産精米 | Y48: 0 | Z48: 0 | AB48: 国内産精米 | AC48: 0 | AD48: 0 | AE48: その他の砕精米（国内産砕精米） | AG48: 1 | AH48: 1 | AK48: =O48&Q48&#REF!&U48&V48&Y48&Z48&AC48&AD48 -> #REF! | AL48: 6913319 | AM48: =C48<>AK48 -> #REF! | AR48: =IF(AL48<>"",1,"") -> 1 | AS48: =IF(IFERROR(VLOOKUP(AE48,#REF!,1,0),"")<>"",1,"") | AT48: =IF(IFERROR(VLOOKUP(AE48,#REF!,1,0),"")<>"",1,"") | AU48: =IF(IFERROR(VLOOKUP(AE48,#REF!,1,0),"")<>"",1,"") | AV48: =IF(IFERROR(VLOOKUP(AE48,#REF!,1,0),"")<>"",1,"") | AW48: =IF(IFERROR(VLOOKUP(AE48,#REF!,1,0),"")<>"",1,"") | AX48: =IF(IFERROR(VLOOKUP(AE48,#REF!,1,0),"")<>"",1,"") | AY48: =IF(IFERROR(VLOOKUP(AE48,#REF!,1,0),"")<>"",1,"") | AZ48: =IF(IFERROR(VLOOKUP(AE48,#REF!,1,0),"")<>"",1,"") | BA48: =IF(IFERROR(VLOOKUP(AE48,#REF!,1,0),"")<>"",1,"") | BB48: =IF(IFERROR(VLOOKUP(AE48,#REF!,1,0),"")<>"",1,"") | BC48: =IF(IFERROR(VLOOKUP(AE48,#REF!,1,0),"")<>"",1,"") | BD48: =IF(IFERROR(VLOOKUP(AE48,#REF!,1,0),"")<>"",1,"") | BE48: =SUM(AR48:BD48) -> 1
A49: 25 | B49: 691311 | C49: =LEFT(B49 & "000000000", 9) -> 691311000 | D49: =MID(C49,1,2) -> 69 | E49: =MID(C49,3,1) -> 1 | F49: =MID(C49,4,1) -> 3 | G49: =MID(C49,5,1) -> 1 | H49: =MID(C49,6,1) -> 1 | I49: =MID(C49,7,1) -> 0 | J49: =MID(C49,8,1) -> 0 | K49: =MID(C49,9,1) -> 0 | L49: J9FA13120000 | M49: 水稲うるち精米 | N49: J9F | O49: A | P49: 農産食品 | Q49: 1 | R49: 3 | S49: 精米 | T49: 精米 | U49: 1 | V49: 2 | W49: 水稲うるち精米 | X49: 水稲うるち精米 | Y49: 0 | Z49: 0 | AA49: 水稲うるち精米 | AB49: 水稲うるち精米 | AC49: 0 | AD49: 0 | AE49: 水稲うるち精米 | AF49: 水稲うるち精米 | AH49: 1 | AJ49: =IF(OR(AS49=1,AT49=1,AU49=1,AV49=1,AW49=1,AX49=1,AY49=1,AZ49=1,BA49=1,BB49=1,BC49=1,BD49=1),TRUE,FALSE) -> FALSE | AK49: =O49&Q49&R49&U49&V49&Y49&Z49&AC49&AD49 -> A13120000 | AL49: 691311 | AM49: =C49<>AK49 -> TRUE | AN49: =N49&AK49 -> J9FA13120000 | AR49: =IF(AL49<>"",1,"") -> 1 | AS49: =IF(IFERROR(VLOOKUP(AE49,#REF!,1,0),"")<>"",1,"") | AT49: =IF(IFERROR(VLOOKUP(AE49,#REF!,1,0),"")<>"",1,"") | AU49: =IF(IFERROR(VLOOKUP(AE49,#REF!,1,0),"")<>"",1,"") | AV49: =IF(IFERROR(VLOOKUP(AE49,#REF!,1,0),"")<>"",1,"") | AW49: =IF(IFERROR(VLOOKUP(AE49,#REF!,1,0),"")<>"",1,"") | AX49: =IF(IFERROR(VLOOKUP(AE49,#REF!,1,0),"")<>"",1,"") | AY49: =IF(IFERROR(VLOOKUP(AE49,#REF!,1,0),"")<>"",1,"") | AZ49: =IF(IFERROR(VLOOKUP(AE49,#REF!,1,0),"")<>"",1,"") | BA49: =IF(IFERROR(VLOOKUP(AE49,#REF!,1,0),"")<>"",1,"") | BB49: =IF(IFERROR(VLOOKUP(AE49,#REF!,1,0),"")<>"",1,"") | BC49: =IF(IFERROR(VLOOKUP(AE49,#REF!,1,0),"")<>"",1,"") | BD49: =IF(IFERROR(VLOOKUP(AE49,#REF!,1,0),"")<>"",1,"") | BE49: =SUM(AR49:BD49) -> 1
A50: 26 | B50: 691312 | C50: =LEFT(B50 & "000000000", 9) -> 691312000 | D50: =MID(C50,1,2) -> 69 | E50: =MID(C50,3,1) -> 1 | F50: =MID(C50,4,1) -> 3 | G50: =MID(C50,5,1) -> 1 | H50: =MID(C50,6,1) -> 2 | I50: =MID(C50,7,1) -> 0 | J50: =MID(C50,8,1) -> 0 | K50: =MID(C50,9,1) -> 0 | L50: J9FA13130000 | M50: 水稲もち精米 | N50: J9F | O50: A | P50: 農産食品 | Q50: 1 | R50: 3 | S50: 精米 | T50: 精米 | U50: 1 | V50: 3 | W50: 水稲もち精米 | X50: 水稲もち精米 | Y50: 0 | Z50: 0 | AA50: 水稲もち精米 | AB50: 水稲もち精米 | AC50: 0 | AD50: 0 | AE50: 水稲もち精米 | AF50: 水稲もち精米 | AH50: 1 | AJ50: =IF(OR(AS50=1,AT50=1,AU50=1,AV50=1,AW50=1,AX50=1,AY50=1,AZ50=1,BA50=1,BB50=1,BC50=1,BD50=1),TRUE,FALSE) -> FALSE | AK50: =O50&Q50&R50&U50&V50&Y50&Z50&AC50&AD50 -> A13130000 | AL50: 691312 | AM50: =C50<>AK50 -> TRUE | AN50: =N50&AK50 -> J9FA13130000 | AR50: =IF(AL50<>"",1,"") -> 1 | AS50: =IF(IFERROR(VLOOKUP(AE50,#REF!,1,0),"")<>"",1,"") | AT50: =IF(IFERROR(VLOOKUP(AE50,#REF!,1,0),"")<>"",1,"") | AU50: =IF(IFERROR(VLOOKUP(AE50,#REF!,1,0),"")<>"",1,"") | AV50: =IF(IFERROR(VLOOKUP(AE50,#REF!,1,0),"")<>"",1,"") | AW50: =IF(IFERROR(VLOOKUP(AE50,#REF!,1,0),"")<>"",1,"") | AX50: =IF(IFERROR(VLOOKUP(AE50,#REF!,1,0),"")<>"",1,"") | AY50: =IF(IFERROR(VLOOKUP(AE50,#REF!,1,0),"")<>"",1,"") | AZ50: =IF(IFERROR(VLOOKUP(AE50,#REF!,1,0),"")<>"",1,"") | BA50: =IF(IFERROR(VLOOKUP(AE50,#REF!,1,0),"")<>"",1,"") | BB50: =IF(IFERROR(VLOOKUP(AE50,#REF!,1,0),"")<>"",1,"") | BC50: =IF(IFERROR(VLOOKUP(AE50,#REF!,1,0),"")<>"",1,"") | BD50: =IF(IFERROR(VLOOKUP(AE50,#REF!,1,0),"")<>"",1,"") | BE50: =SUM(AR50:BD50) -> 1
A51: 27 | B51: 691313 | C51: =LEFT(B51 & "000000000", 9) -> 691313000 | D51: =MID(C51,1,2) -> 69 | E51: =MID(C51,3,1) -> 1 | F51: =MID(C51,4,1) -> 3 | G51: =MID(C51,5,1) -> 1 | H51: =MID(C51,6,1) -> 3 | I51: =MID(C51,7,1) -> 0 | J51: =MID(C51,8,1) -> 0 | K51: =MID(C51,9,1) -> 0 | L51: J9FA13140000 | M51: 陸稲うるち精米 | N51: J9F | O51: A | P51: 農産食品 | Q51: 1 | R51: 3 | S51: 精米 | T51: 精米 | U51: 1 | V51: 4 | W51: 陸稲うるち精米 | X51: 陸稲うるち精米 | Y51: 0 | Z51: 0 | AA51: 陸稲うるち精米 | AB51: 陸稲うるち精米 | AC51: 0 | AD51: 0 | AE51: 陸稲うるち精米 | AF51: 陸稲うるち精米 | AH51: 1 | AJ51: =IF(OR(AS51=1,AT51=1,AU51=1,AV51=1,AW51=1,AX51=1,AY51=1,AZ51=1,BA51=1,BB51=1,BC51=1,BD51=1),TRUE,FALSE) -> FALSE | AK51: =O51&Q51&R51&U51&V51&Y51&Z51&AC51&AD51 -> A13140000 | AL51: 691313 | AM51: =C51<>AK51 -> TRUE | AN51: =N51&AK51 -> J9FA13140000 | AR51: =IF(AL51<>"",1,"") -> 1 | AS51: =IF(IFERROR(VLOOKUP(AE51,#REF!,1,0),"")<>"",1,"") | AT51: =IF(IFERROR(VLOOKUP(AE51,#REF!,1,0),"")<>"",1,"") | AU51: =IF(IFERROR(VLOOKUP(AE51,#REF!,1,0),"")<>"",1,"") | AV51: =IF(IFERROR(VLOOKUP(AE51,#REF!,1,0),"")<>"",1,"") | AW51: =IF(IFERROR(VLOOKUP(AE51,#REF!,1,0),"")<>"",1,"") | AX51: =IF(IFERROR(VLOOKUP(AE51,#REF!,1,0),"")<>"",1,"") | AY51: =IF(IFERROR(VLOOKUP(AE51,#REF!,1,0),"")<>"",1,"") | AZ51: =IF(IFERROR(VLOOKUP(AE51,#REF!,1,0),"")<>"",1,"") | BA51: =IF(IFERROR(VLOOKUP(AE51,#REF!,1,0),"")<>"",1,"") | BB51: =IF(IFERROR(VLOOKUP(AE51,#REF!,1,0),"")<>"",1,"") | BC51: =IF(IFERROR(VLOOKUP(AE51,#REF!,1,0),"")<>"",1,"") | BD51: =IF(IFERROR(VLOOKUP(AE51,#REF!,1,0),"")<>"",1,"") | BE51: =SUM(AR51:BD51) -> 1
A52: 28 | B52: 691314 | C52: =LEFT(B52 & "000000000", 9) -> 691314000 | D52: =MID(C52,1,2) -> 69 | E52: =MID(C52,3,1) -> 1 | F52: =MID(C52,4,1) -> 3 | G52: =MID(C52,5,1) -> 1 | H52: =MID(C52,6,1) -> 4 | I52: =MID(C52,7,1) -> 0 | J52: =MID(C52,8,1) -> 0 | K52: =MID(C52,9,1) -> 0 | L52: J9FA13150000 | M52: 陸稲もち精米 | N52: J9F | O52: A | P52: 農産食品 | Q52: 1 | R52: 3 | S52: 精米 | T52: 精米 | U52: 1 | V52: 5 | W52: 陸稲もち精米 | X52: 陸稲もち精米 | Y52: 0 | Z52: 0 | AA52: 陸稲もち精米 | AB52: 陸稲もち精米 | AC52: 0 | AD52: 0 | AE52: 陸稲もち精米 | AF52: 陸稲もち精米 | AH52: 1 | AJ52: =IF(OR(AS52=1,AT52=1,AU52=1,AV52=1,AW52=1,AX52=1,AY52=1,AZ52=1,BA52=1,BB52=1,BC52=1,BD52=1),TRUE,FALSE) -> FALSE | AK52: =O52&Q52&R52&U52&V52&Y52&Z52&AC52&AD52 -> A13150000 | AL52: 691314 | AM52: =C52<>AK52 -> TRUE | AN52: =N52&AK52 -> J9FA13150000 | AR52: =IF(AL52<>"",1,"") -> 1 | AS52: =IF(IFERROR(VLOOKUP(AE52,#REF!,1,0),"")<>"",1,"") | AT52: =IF(IFERROR(VLOOKUP(AE52,#REF!,1,0),"")<>"",1,"") | AU52: =IF(IFERROR(VLOOKUP(AE52,#REF!,1,0),"")<>"",1,"") | AV52: =IF(IFERROR(VLOOKUP(AE52,#REF!,1,0),"")<>"",1,"") | AW52: =IF(IFERROR(VLOOKUP(AE52,#REF!,1,0),"")<>"",1,"") | AX52: =IF(IFERROR(VLOOKUP(AE52,#REF!,1,0),"")<>"",1,"") | AY52: =IF(IFERROR(VLOOKUP(AE52,#REF!,1,0),"")<>"",1,"") | AZ52: =IF(IFERROR(VLOOKUP(AE52,#REF!,1,0),"")<>"",1,"") | BA52: =IF(IFERROR(VLOOKUP(AE52,#REF!,1,0),"")<>"",1,"") | BB52: =IF(IFERROR(VLOOKUP(AE52,#REF!,1,0),"")<>"",1,"") | BC52: =IF(IFERROR(VLOOKUP(AE52,#REF!,1,0),"")<>"",1,"") | BD52: =IF(IFERROR(VLOOKUP(AE52,#REF!,1,0),"")<>"",1,"") | BE52: =SUM(AR52:BD52) -> 1
A53: 29 | B53: 69132 | C53: =LEFT(B53 & "000000000", 9) -> 691320000 | D53: =MID(C53,1,2) -> 69 | E53: =MID(C53,3,1) -> 1 | F53: =MID(C53,4,1) -> 3 | G53: =MID(C53,5,1) -> 2 | H53: =MID(C53,6,1) -> 0 | I53: =MID(C53,7,1) -> 0 | J53: =MID(C53,8,1) -> 0 | K53: =MID(C53,9,1) -> 0 | L53: J9FA13160000 | M53: 外国産精米 | N53: J9F | O53: A | P53: 農産食品 | Q53: 1 | R53: 3 | S53: 精米 | T53: 精米 | U53: 1 | V53: 6 | W53: 外国産精米 | X53: 外国産精米 | Y53: 0 | Z53: 0 | AA53: 外国産精米 | AB53: 外国産精米 | AC53: 0 | AD53: 0 | AE53: 外国産精米 | AF53: 外国産精米 | AH53: 1 | AJ53: =IF(OR(AS53=1,AT53=1,AU53=1,AV53=1,AW53=1,AX53=1,AY53=1,AZ53=1,BA53=1,BB53=1,BC53=1,BD53=1),TRUE,FALSE) -> FALSE | AK53: =O53&Q53&R53&U53&V53&Y53&Z53&AC53&AD53 -> A13160000 | AL53: 69132 | AM53: =C53<>AK53 -> TRUE | AN53: =N53&AK53 -> J9FA13160000 | AR53: =IF(AL53<>"",1,"") -> 1 | AS53: =IF(IFERROR(VLOOKUP(AE53,#REF!,1,0),"")<>"",1,"") | AT53: =IF(IFERROR(VLOOKUP(AE53,#REF!,1,0),"")<>"",1,"") | AU53: =IF(IFERROR(VLOOKUP(AE53,#REF!,1,0),"")<>"",1,"") | AV53: =IF(IFERROR(VLOOKUP(AE53,#REF!,1,0),"")<>"",1,"") | AW53: =IF(IFERROR(VLOOKUP(AE53,#REF!,1,0),"")<>"",1,"") | AX53: =IF(IFERROR(VLOOKUP(AE53,#REF!,1,0),"")<>"",1,"") | AY53: =IF(IFERROR(VLOOKUP(AE53,#REF!,1,0),"")<>"",1,"") | AZ53: =IF(IFERROR(VLOOKUP(AE53,#REF!,1,0),"")<>"",1,"") | BA53: =IF(IFERROR(VLOOKUP(AE53,#REF!,1,0),"")<>"",1,"") | BB53: =IF(IFERROR(VLOOKUP(AE53,#REF!,1,0),"")<>"",1,"") | BC53: =IF(IFERROR(VLOOKUP(AE53,#REF!,1,0),"")<>"",1,"") | BD53: =IF(IFERROR(VLOOKUP(AE53,#REF!,1,0),"")<>"",1,"") | BE53: =SUM(AR53:BD53) -> 1
A54: 37 | B54: 691332 | C54: =LEFT(B54 & "000000000", 9) -> 691332000 | D54: =MID(C54,1,2) -> 69 | E54: =MID(C54,3,1) -> 1 | F54: =MID(C54,4,1) -> 3 | G54: =MID(C54,5,1) -> 3 | H54: =MID(C54,6,1) -> 2 | I54: =MID(C54,7,1) -> 0 | J54: =MID(C54,8,1) -> 0 | K54: =MID(C54,9,1) -> 0 | L54: J9FA13160011 | M54: 外国産砕精米 | N54: J9F | O54: A | P54: 農産食品 | Q54: 1 | R54: 3 | S54: 精米 | T54: 精米 | U54: 1 | V54: 6 | W54: 外国産精米 | X54: 外国産精米 | Y54: 0 | Z54: 0 | AA54: 外国産精米 | AB54: 外国産精米 | AC54: 1 | AD54: 1 | AE54: 外国産砕精米 | AF54: 外国産砕精米 | AH54: 1 | AJ54: =IF(OR(AS54=1,AT54=1,AU54=1,AV54=1,AW54=1,AX54=1,AY54=1,AZ54=1,BA54=1,BB54=1,BC54=1,BD54=1),TRUE,FALSE) -> FALSE | AK54: =O54&Q54&R54&U54&V54&Y54&Z54&AC54&AD54 -> A13160011 | AL54: 691332 | AM54: =C54<>AK54 -> TRUE | AN54: =N54&AK54 -> J9FA13160011 | AR54: =IF(AL54<>"",1,"") -> 1 | AS54: =IF(IFERROR(VLOOKUP(AE54,#REF!,1,0),"")<>"",1,"") | AT54: =IF(IFERROR(VLOOKUP(AE54,#REF!,1,0),"")<>"",1,"") | AU54: =IF(IFERROR(VLOOKUP(AE54,#REF!,1,0),"")<>"",1,"") | AV54: =IF(IFERROR(VLOOKUP(AE54,#REF!,1,0),"")<>"",1,"") | AW54: =IF(IFERROR(VLOOKUP(AE54,#REF!,1,0),"")<>"",1,"") | AX54: =IF(IFERROR(VLOOKUP(AE54,#REF!,1,0),"")<>"",1,"") | AY54: =IF(IFERROR(VLOOKUP(AE54,#REF!,1,0),"")<>"",1,"") | AZ54: =IF(IFERROR(VLOOKUP(AE54,#REF!,1,0),"")<>"",1,"") | BA54: =IF(IFERROR(VLOOKUP(AE54,#REF!,1,0),"")<>"",1,"") | BB54: =IF(IFERROR(VLOOKUP(AE54,#REF!,1,0),"")<>"",1,"") | BC54: =IF(IFERROR(VLOOKUP(AE54,#REF!,1,0),"")<>"",1,"") | BD54: =IF(IFERROR(VLOOKUP(AE54,#REF!,1,0),"")<>"",1,"") | BE54: =SUM(AR54:BD54) -> 1
A55: 38 | B55: 6913321 | C55: =LEFT(B55 & "000000000", 9) -> 691332100 | D55: =MID(C55,1,2) -> 69 | E55: =MID(C55,3,1) -> 1 | F55: =MID(C55,4,1) -> 3 | G55: =MID(C55,5,1) -> 3 | H55: =MID(C55,6,1) -> 2 | I55: =MID(C55,7,1) -> 1 | J55: =MID(C55,8,1) -> 0 | K55: =MID(C55,9,1) -> 0 | L55: J9FA13160012 | M55: 砕うるち精米 | N55: J9F | O55: A | P55: 農産食品 | Q55: 1 | R55: 3 | S55: 精米 | T55: 精米 | U55: 1 | V55: 6 | W55: 外国産精米 | X55: 外国産精米 | Y55: 0 | Z55: 0 | AA55: 外国産精米 | AB55: 外国産精米 | AC55: 1 | AD55: 2 | AE55: 砕うるち精米（外国産砕精米） | AF55: 外国産砕うるち精米 | AH55: 1 | AJ55: =IF(OR(AS55=1,AT55=1,AU55=1,AV55=1,AW55=1,AX55=1,AY55=1,AZ55=1,BA55=1,BB55=1,BC55=1,BD55=1),TRUE,FALSE) -> FALSE | AK55: =O55&Q55&R55&U55&V55&Y55&Z55&AC55&AD55 -> A13160012 | AL55: 6913321 | AM55: =C55<>AK55 -> TRUE | AN55: =N55&AK55 -> J9FA13160012 | AR55: =IF(AL55<>"",1,"") -> 1 | AS55: =IF(IFERROR(VLOOKUP(AE55,#REF!,1,0),"")<>"",1,"") | AT55: =IF(IFERROR(VLOOKUP(AE55,#REF!,1,0),"")<>"",1,"") | AU55: =IF(IFERROR(VLOOKUP(AE55,#REF!,1,0),"")<>"",1,"") | AV55: =IF(IFERROR(VLOOKUP(AE55,#REF!,1,0),"")<>"",1,"") | AW55: =IF(IFERROR(VLOOKUP(AE55,#REF!,1,0),"")<>"",1,"") | AX55: =IF(IFERROR(VLOOKUP(AE55,#REF!,1,0),"")<>"",1,"") | AY55: =IF(IFERROR(VLOOKUP(AE55,#REF!,1,0),"")<>"",1,"") | AZ55: =IF(IFERROR(VLOOKUP(AE55,#REF!,1,0),"")<>"",1,"") | BA55: =IF(IFERROR(VLOOKUP(AE55,#REF!,1,0),"")<>"",1,"") | BB55: =IF(IFERROR(VLOOKUP(AE55,#REF!,1,0),"")<>"",1,"") | BC55: =IF(IFERROR(VLOOKUP(AE55,#REF!,1,0),"")<>"",1,"") | BD55: =IF(IFERROR(VLOOKUP(AE55,#REF!,1,0),"")<>"",1,"") | BE55: =SUM(AR55:BD55) -> 1
A56: 39 | B56: 6913322 | C56: =LEFT(B56 & "000000000", 9) -> 691332200 | D56: =MID(C56,1,2) -> 69 | E56: =MID(C56,3,1) -> 1 | F56: =MID(C56,4,1) -> 3 | G56: =MID(C56,5,1) -> 3 | H56: =MID(C56,6,1) -> 2 | I56: =MID(C56,7,1) -> 2 | J56: =MID(C56,8,1) -> 0 | K56: =MID(C56,9,1) -> 0 | L56: J9FA13160013 | M56: 砕もち精米 | N56: J9F | O56: A | P56: 農産食品 | Q56: 1 | R56: 3 | S56: 精米 | T56: 精米 | U56: 1 | V56: 6 | W56: 外国産精米 | X56: 外国産精米 | Y56: 0 | Z56: 0 | AA56: 外国産精米 | AB56: 外国産精米 | AC56: 1 | AD56: 3 | AE56: 砕もち精米（外国産砕精米） | AF56: 外国産砕もち精米 | AH56: 1 | AJ56: =IF(OR(AS56=1,AT56=1,AU56=1,AV56=1,AW56=1,AX56=1,AY56=1,AZ56=1,BA56=1,BB56=1,BC56=1,BD56=1),TRUE,FALSE) -> FALSE | AK56: =O56&Q56&R56&U56&V56&Y56&Z56&AC56&AD56 -> A13160013 | AL56: 6913322 | AM56: =C56<>AK56 -> TRUE | AN56: =N56&AK56 -> J9FA13160013 | AR56: =IF(AL56<>"",1,"") -> 1 | AS56: =IF(IFERROR(VLOOKUP(AE56,#REF!,1,0),"")<>"",1,"") | AT56: =IF(IFERROR(VLOOKUP(AE56,#REF!,1,0),"")<>"",1,"") | AU56: =IF(IFERROR(VLOOKUP(AE56,#REF!,1,0),"")<>"",1,"") | AV56: =IF(IFERROR(VLOOKUP(AE56,#REF!,1,0),"")<>"",1,"") | AW56: =IF(IFERROR(VLOOKUP(AE56,#REF!,1,0),"")<>"",1,"") | AX56: =IF(IFERROR(VLOOKUP(AE56,#REF!,1,0),"")<>"",1,"") | AY56: =IF(IFERROR(VLOOKUP(AE56,#REF!,1,0),"")<>"",1,"") | AZ56: =IF(IFERROR(VLOOKUP(AE56,#REF!,1,0),"")<>"",1,"") | BA56: =IF(IFERROR(VLOOKUP(AE56,#REF!,1,0),"")<>"",1,"") | BB56: =IF(IFERROR(VLOOKUP(AE56,#REF!,1,0),"")<>"",1,"") | BC56: =IF(IFERROR(VLOOKUP(AE56,#REF!,1,0),"")<>"",1,"") | BD56: =IF(IFERROR(VLOOKUP(AE56,#REF!,1,0),"")<>"",1,"") | BE56: =SUM(AR56:BD56) -> 1
A57: 40 | B57: 6913329 | C57: =LEFT(B57 & "000000000", 9) -> 691332900 | D57: =MID(C57,1,2) -> 69 | E57: =MID(C57,3,1) -> 1 | F57: =MID(C57,4,1) -> 3 | G57: =MID(C57,5,1) -> 3 | H57: =MID(C57,6,1) -> 2 | I57: =MID(C57,7,1) -> 9 | J57: =MID(C57,8,1) -> 0 | K57: =MID(C57,9,1) -> 0 | M57: その他の砕精米 | O57: A | P57: 農産食品 | Q57: 1 | S57: 精米 | T57: 精米 | U57: 1 | V57: 6 | X57: 外国産精米 | Y57: 0 | Z57: 0 | AB57: 外国産精米 | AC57: 0 | AD57: 0 | AE57: その他の砕精米（外国産砕精米） | AG57: 1 | AH57: 1 | AK57: =O57&Q57&#REF!&U57&V57&Y57&Z57&AC57&AD57 -> #REF! | AL57: 6913329 | AM57: =C57<>AK57 -> #REF! | AR57: =IF(AL57<>"",1,"") -> 1 | AS57: =IF(IFERROR(VLOOKUP(AE57,#REF!,1,0),"")<>"",1,"") | AT57: =IF(IFERROR(VLOOKUP(AE57,#REF!,1,0),"")<>"",1,"") | AU57: =IF(IFERROR(VLOOKUP(AE57,#REF!,1,0),"")<>"",1,"") | AV57: =IF(IFERROR(VLOOKUP(AE57,#REF!,1,0),"")<>"",1,"") | AW57: =IF(IFERROR(VLOOKUP(AE57,#REF!,1,0),"")<>"",1,"") | AX57: =IF(IFERROR(VLOOKUP(AE57,#REF!,1,0),"")<>"",1,"") | AY57: =IF(IFERROR(VLOOKUP(AE57,#REF!,1,0),"")<>"",1,"") | AZ57: =IF(IFERROR(VLOOKUP(AE57,#REF!,1,0),"")<>"",1,"") | BA57: =IF(IFERROR(VLOOKUP(AE57,#REF!,1,0),"")<>"",1,"") | BB57: =IF(IFERROR(VLOOKUP(AE57,#REF!,1,0),"")<>"",1,"") | BC57: =IF(IFERROR(VLOOKUP(AE57,#REF!,1,0),"")<>"",1,"") | BD57: =IF(IFERROR(VLOOKUP(AE57,#REF!,1,0),"")<>"",1,"") | BE57: =SUM(AR57:BD57) -> 1
A58: 30 | B58: 691321 | C58: =LEFT(B58 & "000000000", 9) -> 691321000 | D58: =MID(C58,1,2) -> 69 | E58: =MID(C58,3,1) -> 1 | F58: =MID(C58,4,1) -> 3 | G58: =MID(C58,5,1) -> 2 | H58: =MID(C58,6,1) -> 1 | I58: =MID(C58,7,1) -> 0 | J58: =MID(C58,8,1) -> 0 | K58: =MID(C58,9,1) -> 0 | L58: J9FA13170000 | M58: うるち精米 | N58: J9F | O58: A | P58: 農産食品 | Q58: 1 | R58: 3 | S58: 精米 | T58: 精米 | U58: 1 | V58: 7 | W58: うるち精米 | X58: うるち精米 | Y58: 0 | Z58: 0 | AA58: うるち精米 | AB58: うるち精米 | AC58: 0 | AD58: 0 | AE58: うるち精米 | AF58: うるち精米 | AH58: 1 | AI58: 白米の同義語に移動 | AJ58: =IF(OR(AS58=1,AT58=1,AU58=1,AV58=1,AW58=1,AX58=1,AY58=1,AZ58=1,BA58=1,BB58=1,BC58=1,BD58=1),TRUE,FALSE) -> FALSE | AK58: =O58&Q58&R58&U58&V58&Y58&Z58&AC58&AD58 -> A13170000 | AL58: 691321 | AM58: =C58<>AK58 -> TRUE | AN58: =N58&AK58 -> J9FA13170000 | AR58: =IF(AL58<>"",1,"") -> 1 | AS58: =IF(IFERROR(VLOOKUP(AE58,#REF!,1,0),"")<>"",1,"") | AT58: =IF(IFERROR(VLOOKUP(AE58,#REF!,1,0),"")<>"",1,"") | AU58: =IF(IFERROR(VLOOKUP(AE58,#REF!,1,0),"")<>"",1,"") | AV58: =IF(IFERROR(VLOOKUP(AE58,#REF!,1,0),"")<>"",1,"") | AW58: =IF(IFERROR(VLOOKUP(AE58,#REF!,1,0),"")<>"",1,"") | AX58: =IF(IFERROR(VLOOKUP(AE58,#REF!,1,0),"")<>"",1,"") | AY58: =IF(IFERROR(VLOOKUP(AE58,#REF!,1,0),"")<>"",1,"") | AZ58: =IF(IFERROR(VLOOKUP(AE58,#REF!,1,0),"")<>"",1,"") | BA58: =IF(IFERROR(VLOOKUP(AE58,#REF!,1,0),"")<>"",1,"") | BB58: =IF(IFERROR(VLOOKUP(AE58,#REF!,1,0),"")<>"",1,"") | BC58: =IF(IFERROR(VLOOKUP(AE58,#REF!,1,0),"")<>"",1,"") | BD58: =IF(IFERROR(VLOOKUP(AE58,#REF!,1,0),"")<>"",1,"") | BE58: =SUM(AR58:BD58) -> 1
A59: 31 | B59: 691322 | C59: =LEFT(B59 & "000000000", 9) -> 691322000 | D59: =MID(C59,1,2) -> 69 | E59: =MID(C59,3,1) -> 1 | F59: =MID(C59,4,1) -> 3 | G59: =MID(C59,5,1) -> 2 | H59: =MID(C59,6,1) -> 2 | I59: =MID(C59,7,1) -> 0 | J59: =MID(C59,8,1) -> 0 | K59: =MID(C59,9,1) -> 0 | L59: J9FA13180000 | M59: もち精米 | N59: J9F | O59: A | P59: 農産食品 | Q59: 1 | R59: 3 | S59: 精米 | T59: 精米 | U59: 1 | V59: 8 | W59: もち精米 | X59: もち精米 | Y59: 0 | Z59: 0 | AA59: もち精米 | AB59: もち精米 | AC59: 0 | AD59: 0 | AE59: もち精米 | AF59: もち精米 | AH59: 1 | AI59: 白米の同義語に移動 | AJ59: =IF(OR(AS59=1,AT59=1,AU59=1,AV59=1,AW59=1,AX59=1,AY59=1,AZ59=1,BA59=1,BB59=1,BC59=1,BD59=1),TRUE,FALSE) -> FALSE | AK59: =O59&Q59&R59&U59&V59&Y59&Z59&AC59&AD59 -> A13180000 | AL59: 691322 | AM59: =C59<>AK59 -> TRUE | AN59: =N59&AK59 -> J9FA13180000 | AR59: =IF(AL59<>"",1,"") -> 1 | AS59: =IF(IFERROR(VLOOKUP(AE59,#REF!,1,0),"")<>"",1,"") | AT59: =IF(IFERROR(VLOOKUP(AE59,#REF!,1,0),"")<>"",1,"") | AU59: =IF(IFERROR(VLOOKUP(AE59,#REF!,1,0),"")<>"",1,"") | AV59: =IF(IFERROR(VLOOKUP(AE59,#REF!,1,0),"")<>"",1,"") | AW59: =IF(IFERROR(VLOOKUP(AE59,#REF!,1,0),"")<>"",1,"") | AX59: =IF(IFERROR(VLOOKUP(AE59,#REF!,1,0),"")<>"",1,"") | AY59: =IF(IFERROR(VLOOKUP(AE59,#REF!,1,0),"")<>"",1,"") | AZ59: =IF(IFERROR(VLOOKUP(AE59,#REF!,1,0),"")<>"",1,"") | BA59: =IF(IFERROR(VLOOKUP(AE59,#REF!,1,0),"")<>"",1,"") | BB59: =IF(IFERROR(VLOOKUP(AE59,#REF!,1,0),"")<>"",1,"") | BC59: =IF(IFERROR(VLOOKUP(AE59,#REF!,1,0),"")<>"",1,"") | BD59: =IF(IFERROR(VLOOKUP(AE59,#REF!,1,0),"")<>"",1,"") | BE59: =SUM(AR59:BD59) -> 1
L60: J9FA13980000 | N60: J9F | O60: A | P60: 農産食品 | Q60: 1 | R60: 3 | S60: 精米 | T60: 精米 | U60: 9 | V60: 8 | W60: 精米（その他） | X60: 精米（その他） | Y60: 0 | Z60: 0 | AA60: 精米（その他） | AB60: 精米（その他） | AC60: 0 | AD60: 0 | AE60: 精米（その他） | AF60: 白米（その他） | AJ60: =IF(OR(AS60=1,AT60=1,AU60=1,AV60=1,AW60=1,AX60=1,AY60=1,AZ60=1,BA60=1,BB60=1,BC60=1,BD60=1),TRUE,FALSE) -> FALSE | AK60: =O60&Q60&R60&U60&V60&Y60&Z60&AC60&AD60 -> A13980000 | AN60: =N60&AK60 -> J9FA13980000 | BE60: =SUM(AR60:BD60) -> 0
L61: J9FA13990000 | N61: J9F | O61: A | P61: 農産食品 | Q61: 1 | R61: 3 | S61: 精米 | T61: 精米 | U61: 9 | V61: 9 | W61: 精米（詳細不明） | X61: 精米（詳細不明） | Y61: 0 | Z61: 0 | AA61: 精米（詳細不明） | AB61: 精米（詳細不明） | AC61: 0 | AD61: 0 | AE61: 精米（詳細不明） | AF61: 白米（詳細不明） | AJ61: =IF(OR(AS61=1,AT61=1,AU61=1,AV61=1,AW61=1,AX61=1,AY61=1,AZ61=1,BA61=1,BB61=1,BC61=1,BD61=1),TRUE,FALSE) -> FALSE | AK61: =O61&Q61&R61&U61&V61&Y61&Z61&AC61&AD61 -> A13990000 | AN61: =N61&AK61 -> J9FA13990000 | BE61: =SUM(AR61:BD61) -> 0
A62: 41 | B62: 692 | C62: =LEFT(B62 & "000000000", 9) -> 692000000 | D62: =MID(C62,1,2) -> 69 | E62: =MID(C62,3,1) -> 2 | F62: =MID(C62,4,1) -> 0 | G62: =MID(C62,5,1) -> 0 | H62: =MID(C62,6,1) -> 0 | I62: =MID(C62,7,1) -> 0 | J62: =MID(C62,8,1) -> 0 | K62: =MID(C62,9,1) -> 0 | M62: 麦類 | O62: A | P62: 農産食品 | Q62: 2 | S62: 麦類 | T62: 麦類 | U62: 0 | V62: 0 | X62: 麦類 | Y62: 0 | Z62: 0 | AB62: 麦類 | AC62: 0 | AD62: 0 | AE62: 麦類 | AG62: 1 | AK62: =O62&Q62&#REF!&U62&V62&Y62&Z62&AC62&AD62 -> #REF! | AL62: 692 | AM62: =C62<>AK62 -> #REF! | AR62: =IF(AL62<>"",1,"") -> 1 | AS62: =IF(IFERROR(VLOOKUP(AE62,#REF!,1,0),"")<>"",1,"") | AT62: =IF(IFERROR(VLOOKUP(AE62,#REF!,1,0),"")<>"",1,"") | AU62: =IF(IFERROR(VLOOKUP(AE62,#REF!,1,0),"")<>"",1,"") | AV62: =IF(IFERROR(VLOOKUP(AE62,#REF!,1,0),"")<>"",1,"") | AW62: =IF(IFERROR(VLOOKUP(AE62,#REF!,1,0),"")<>"",1,"") | AX62: =IF(IFERROR(VLOOKUP(AE62,#REF!,1,0),"")<>"",1,"") | AY62: =IF(IFERROR(VLOOKUP(AE62,#REF!,1,0),"")<>"",1,"") | AZ62: =IF(IFERROR(VLOOKUP(AE62,#REF!,1,0),"")<>"",1,"") | BA62: =IF(IFERROR(VLOOKUP(AE62,#REF!,1,0),"")<>"",1,"") | BB62: =IF(IFERROR(VLOOKUP(AE62,#REF!,1,0),"")<>"",1,"") | BC62: =IF(IFERROR(VLOOKUP(AE62,#REF!,1,0),"")<>"",1,"") | BD62: =IF(IFERROR(VLOOKUP(AE62,#REF!,1,0),"")<>"",1,"") | BE62: =SUM(AR62:BD62) -> 1
A63: 42 | B63: 6921 | C63: =LEFT(B63 & "000000000", 9) -> 692100000 | D63: =MID(C63,1,2) -> 69 | E63: =MID(C63,3,1) -> 2 | F63: =MID(C63,4,1) -> 1 | G63: =MID(C63,5,1) -> 0 | H63: =MID(C63,6,1) -> 0 | I63: =MID(C63,7,1) -> 0 | J63: =MID(C63,8,1) -> 0 | K63: =MID(C63,9,1) -> 0 | L63: J9FA14000000 | M63: 大麦 | N63: J9F | O63: A | P63: 農産食品 | Q63: 1 | R63: 4 | S63: 大麦 | T63: 大麦 | U63: 0 | V63: 0 | W63: 大麦 | X63: 大麦 | Y63: 0 | Z63: 0 | AA63: 大麦 | AB63: 大麦 | AC63: 0 | AD63: 0 | AE63: 大麦 | AF63: 大麦 | AJ63: =IF(OR(AS63=1,AT63=1,AU63=1,AV63=1,AW63=1,AX63=1,AY63=1,AZ63=1,BA63=1,BB63=1,BC63=1,BD63=1),TRUE,FALSE) -> FALSE | AK63: =O63&Q63&R63&U63&V63&Y63&Z63&AC63&AD63 -> A14000000 | AL63: 6921 | AM63: =C63<>AK63 -> TRUE | AN63: =N63&AK63 -> J9FA14000000 | AO63: ビール大麦、はだか麦 | AR63: =IF(AL63<>"",1,"") -> 1 | AS63: =IF(IFERROR(VLOOKUP(AE63,#REF!,1,0),"")<>"",1,"") | AT63: =IF(IFERROR(VLOOKUP(AE63,#REF!,1,0),"")<>"",1,"") | AU63: =IF(IFERROR(VLOOKUP(AE63,#REF!,1,0),"")<>"",1,"") | AV63: =IF(IFERROR(VLOOKUP(AE63,#REF!,1,0),"")<>"",1,"") | AW63: =IF(IFERROR(VLOOKUP(AE63,#REF!,1,0),"")<>"",1,"") | AX63: =IF(IFERROR(VLOOKUP(AE63,#REF!,1,0),"")<>"",1,"") | AY63: =IF(IFERROR(VLOOKUP(AE63,#REF!,1,0),"")<>"",1,"") | AZ63: =IF(IFERROR(VLOOKUP(AE63,#REF!,1,0),"")<>"",1,"") | BA63: =IF(IFERROR(VLOOKUP(AE63,#REF!,1,0),"")<>"",1,"") | BB63: =IF(IFERROR(VLOOKUP(AE63,#REF!,1,0),"")<>"",1,"") | BC63: =IF(IFERROR(VLOOKUP(AE63,#REF!,1,0),"")<>"",1,"") | BD63: =IF(IFERROR(VLOOKUP(AE63,#REF!,1,0),"")<>"",1,"") | BE63: =SUM(AR63:BD63) -> 1
A64: 2653 | B64: 999999999 | C64: 999999999 | D64: =MID(C64,1,2) -> 99 | E64: =MID(C64,3,1) -> 9 | F64: =MID(C64,4,1) -> 9 | G64: =MID(C64,5,1) -> 9 | H64: =MID(C64,6,1) -> 9 | I64: =MID(C64,7,1) -> 9 | J64: =MID(C64,8,1) -> 9 | K64: =MID(C64,9,1) -> 9 | L64: J9FA14000011 | M64: 大麦粉 | N64: J9F | O64: A | P64: 農産食品 | Q64: 1 | R64: 4 | S64: 大麦 | T64: 大麦 | U64: 0 | V64: 0 | W64: 大麦 | X64: 大麦 | Y64: 0 | Z64: 0 | AA64: 大麦 | AB64: 大麦 | AC64: 1 | AD64: 1 | AE64: 大麦粉 | AF64: 大麦粉 | AJ64: =IF(OR(AS64=1,AT64=1,AU64=1,AV64=1,AW64=1,AX64=1,AY64=1,AZ64=1,BA64=1,BB64=1,BC64=1,BD64=1),TRUE,FALSE) -> FALSE | AK64: =O64&Q64&R64&U64&V64&Y64&Z64&AC64&AD64 -> A14000011 | AM64: =C64<>AK64 -> TRUE | AN64: =N64&AK64 -> J9FA14000011 | AR64: =IF(AL64<>"",1,"") | AS64: =IF(IFERROR(VLOOKUP(AE64,#REF!,1,0),"")<>"",1,"") | AT64: =IF(IFERROR(VLOOKUP(AE64,#REF!,1,0),"")<>"",1,"") | AU64: =IF(IFERROR(VLOOKUP(AE64,#REF!,1,0),"")<>"",1,"") | AV64: =IF(IFERROR(VLOOKUP(AE64,#REF!,1,0),"")<>"",1,"") | AW64: =IF(IFERROR(VLOOKUP(AE64,#REF!,1,0),"")<>"",1,"") | AX64: =IF(IFERROR(VLOOKUP(AE64,#REF!,1,0),"")<>"",1,"") | AY64: =IF(IFERROR(VLOOKUP(AE64,#REF!,1,0),"")<>"",1,"") | AZ64: =IF(IFERROR(VLOOKUP(AE64,#REF!,1,0),"")<>"",1,"") | BA64: =IF(IFERROR(VLOOKUP(AE64,#REF!,1,0),"")<>"",1,"") | BB64: =IF(IFERROR(VLOOKUP(AE64,#REF!,1,0),"")<>"",1,"") | BC64: =IF(IFERROR(VLOOKUP(AE64,#REF!,1,0),"")<>"",1,"") | BD64: =IF(IFERROR(VLOOKUP(AE64,#REF!,1,0),"")<>"",1,"") | BE64: =SUM(AR64:BD64) -> 0
A65: 1495 | B65: 7266 | C65: =LEFT(B65 & "000000000", 9) -> 726600000 | D65: =MID(C65,1,2) -> 72 | E65: =MID(C65,3,1) -> 6 | F65: =MID(C65,4,1) -> 6 | G65: =MID(C65,5,1) -> 0 | H65: =MID(C65,6,1) -> 0 | I65: =MID(C65,7,1) -> 0 | J65: =MID(C65,8,1) -> 0 | K65: =MID(C65,9,1) -> 0 | L65: J9FA14000012 | M65: 麦茶 | N65: J9F | O65: A | P65: 農産食品 | Q65: 1 | R65: 4 | S65: 大麦 | T65: 大麦 | U65: 0 | V65: 0 | W65: 大麦 | X65: 大麦 | Y65: 0 | Z65: 0 | AA65: 大麦 | AB65: 大麦 | AC65: 1 | AD65: 2 | AE65: 麦茶 | AF65: 麦茶 | AJ65: =IF(OR(AS65=1,AT65=1,AU65=1,AV65=1,AW65=1,AX65=1,AY65=1,AZ65=1,BA65=1,BB65=1,BC65=1,BD65=1),TRUE,FALSE) -> FALSE | AK65: =O65&Q65&R65&U65&V65&Y65&Z65&AC65&AD65 -> A14000012 | AL65: 7266 | AM65: =C65<>AK65 -> TRUE | AN65: =N65&AK65 -> J9FA14000012 | AR65: =IF(AL65<>"",1,"") -> 1 | AS65: =IF(IFERROR(VLOOKUP(AE65,#REF!,1,0),"")<>"",1,"") | AT65: =IF(IFERROR(VLOOKUP(AE65,#REF!,1,0),"")<>"",1,"") | AU65: =IF(IFERROR(VLOOKUP(AE65,#REF!,1,0),"")<>"",1,"") | AV65: =IF(IFERROR(VLOOKUP(AE65,#REF!,1,0),"")<>"",1,"") | AW65: =IF(IFERROR(VLOOKUP(AE65,#REF!,1,0),"")<>"",1,"") | AX65: =IF(IFERROR(VLOOKUP(AE65,#REF!,1,0),"")<>"",1,"") | AY65: =IF(IFERROR(VLOOKUP(AE65,#REF!,1,0),"")<>"",1,"") | AZ65: =IF(IFERROR(VLOOKUP(AE65,#REF!,1,0),"")<>"",1,"") | BA65: =IF(IFERROR(VLOOKUP(AE65,#REF!,1,0),"")<>"",1,"") | BB65: =IF(IFERROR(VLOOKUP(AE65,#REF!,1,0),"")<>"",1,"") | BC65: =IF(IFERROR(VLOOKUP(AE65,#REF!,1,0),"")<>"",1,"") | BD65: =IF(IFERROR(VLOOKUP(AE65,#REF!,1,0),"")<>"",1,"") | BE65: =SUM(AR65:BD65) -> 1
A66: 43 | B66: 69211 | C66: =LEFT(B66 & "000000000", 9) -> 692110000 | D66: =MID(C66,1,2) -> 69 | E66: =MID(C66,3,1) -> 2 | F66: =MID(C66,4,1) -> 1 | G66: =MID(C66,5,1) -> 1 | H66: =MID(C66,6,1) -> 0 | I66: =MID(C66,7,1) -> 0 | J66: =MID(C66,8,1) -> 0 | K66: =MID(C66,9,1) -> 0 | L66: J9FA14110000 | M66: 国内産大麦 | N66: J9F | O66: A | P66: 農産食品 | Q66: 1 | R66: 4 | S66: 大麦 | T66: 大麦 | U66: 1 | V66: 1 | W66: 国内産大麦 | X66: 国内産大麦 | Y66: 0 | Z66: 0 | AA66: 国内産大麦 | AB66: 国内産大麦 | AC66: 0 | AD66: 0 | AE66: 国内産大麦 | AF66: 国内産大麦 | AH66: 1 | AJ66: =IF(OR(AS66=1,AT66=1,AU66=1,AV66=1,AW66=1,AX66=1,AY66=1,AZ66=1,BA66=1,BB66=1,BC66=1,BD66=1),TRUE,FALSE) -> FALSE | AK66: =O66&Q66&R66&U66&V66&Y66&Z66&AC66&AD66 -> A14110000 | AL66: 69211 | AM66: =C66<>AK66 -> TRUE | AN66: =N66&AK66 -> J9FA14110000 | AR66: =IF(AL66<>"",1,"") -> 1 | AS66: =IF(IFERROR(VLOOKUP(AE66,#REF!,1,0),"")<>"",1,"") | AT66: =IF(IFERROR(VLOOKUP(AE66,#REF!,1,0),"")<>"",1,"") | AU66: =IF(IFERROR(VLOOKUP(AE66,#REF!,1,0),"")<>"",1,"") | AV66: =IF(IFERROR(VLOOKUP(AE66,#REF!,1,0),"")<>"",1,"") | AW66: =IF(IFERROR(VLOOKUP(AE66,#REF!,1,0),"")<>"",1,"") | AX66: =IF(IFERROR(VLOOKUP(AE66,#REF!,1,0),"")<>"",1,"") | AY66: =IF(IFERROR(VLOOKUP(AE66,#REF!,1,0),"")<>"",1,"") | AZ66: =IF(IFERROR(VLOOKUP(AE66,#REF!,1,0),"")<>"",1,"") | BA66: =IF(IFERROR(VLOOKUP(AE66,#REF!,1,0),"")<>"",1,"") | BB66: =IF(IFERROR(VLOOKUP(AE66,#REF!,1,0),"")<>"",1,"") | BC66: =IF(IFERROR(VLOOKUP(AE66,#REF!,1,0),"")<>"",1,"") | BD66: =IF(IFERROR(VLOOKUP(AE66,#REF!,1,0),"")<>"",1,"") | BE66: =SUM(AR66:BD66) -> 1
A67: 44 | B67: 692111 | C67: =LEFT(B67 & "000000000", 9) -> 692111000 | D67: =MID(C67,1,2) -> 69 | E67: =MID(C67,3,1) -> 2 | F67: =MID(C67,4,1) -> 1 | G67: =MID(C67,5,1) -> 1 | H67: =MID(C67,6,1) -> 1 | I67: =MID(C67,7,1) -> 0 | J67: =MID(C67,8,1) -> 0 | K67: =MID(C67,9,1) -> 0 | L67: J9FA14120000 | M67: 普通小粒大麦 | N67: J9F | O67: A | P67: 農産食品 | Q67: 1 | R67: 4 | S67: 大麦 | T67: 大麦 | U67: 1 | V67: 2 | W67: 普通小粒大麦 | X67: 普通小粒大麦 | Y67: 0 | Z67: 0 | AA67: 普通小粒大麦 | AB67: 普通小粒大麦 | AC67: 0 | AD67: 0 | AE67: 普通小粒大麦 | AF67: 普通小粒大麦 | AH67: 1 | AJ67: =IF(OR(AS67=1,AT67=1,AU67=1,AV67=1,AW67=1,AX67=1,AY67=1,AZ67=1,BA67=1,BB67=1,BC67=1,BD67=1),TRUE,FALSE) -> FALSE | AK67: =O67&Q67&R67&U67&V67&Y67&Z67&AC67&AD67 -> A14120000 | AL67: 692111 | AM67: =C67<>AK67 -> TRUE | AN67: =N67&AK67 -> J9FA14120000 | AR67: =IF(AL67<>"",1,"") -> 1 | AS67: =IF(IFERROR(VLOOKUP(AE67,#REF!,1,0),"")<>"",1,"") | AT67: =IF(IFERROR(VLOOKUP(AE67,#REF!,1,0),"")<>"",1,"") | AU67: =IF(IFERROR(VLOOKUP(AE67,#REF!,1,0),"")<>"",1,"") | AV67: =IF(IFERROR(VLOOKUP(AE67,#REF!,1,0),"")<>"",1,"") | AW67: =IF(IFERROR(VLOOKUP(AE67,#REF!,1,0),"")<>"",1,"") | AX67: =IF(IFERROR(VLOOKUP(AE67,#REF!,1,0),"")<>"",1,"") | AY67: =IF(IFERROR(VLOOKUP(AE67,#REF!,1,0),"")<>"",1,"") | AZ67: =IF(IFERROR(VLOOKUP(AE67,#REF!,1,0),"")<>"",1,"") | BA67: =IF(IFERROR(VLOOKUP(AE67,#REF!,1,0),"")<>"",1,"") | BB67: =IF(IFERROR(VLOOKUP(AE67,#REF!,1,0),"")<>"",1,"") | BC67: =IF(IFERROR(VLOOKUP(AE67,#REF!,1,0),"")<>"",1,"") | BD67: =IF(IFERROR(VLOOKUP(AE67,#REF!,1,0),"")<>"",1,"") | BE67: =SUM(AR67:BD67) -> 1
A68: 45 | B68: 692112 | C68: =LEFT(B68 & "000000000", 9) -> 692112000 | D68: =MID(C68,1,2) -> 69 | E68: =MID(C68,3,1) -> 2 | F68: =MID(C68,4,1) -> 1 | G68: =MID(C68,5,1) -> 1 | H68: =MID(C68,6,1) -> 2 | I68: =MID(C68,7,1) -> 0 | J68: =MID(C68,8,1) -> 0 | K68: =MID(C68,9,1) -> 0 | L68: J9FA14130000 | M68: 普通大粒大麦 | N68: J9F | O68: A | P68: 農産食品 | Q68: 1 | R68: 4 | S68: 大麦 | T68: 大麦 | U68: 1 | V68: 3 | W68: 普通大粒大麦 | X68: 普通大粒大麦 | Y68: 0 | Z68: 0 | AA68: 普通大粒大麦 | AB68: 普通大粒大麦 | AC68: 0 | AD68: 0 | AE68: 普通大粒大麦 | AF68: 普通大粒大麦 | AH68: 1 | AJ68: =IF(OR(AS68=1,AT68=1,AU68=1,AV68=1,AW68=1,AX68=1,AY68=1,AZ68=1,BA68=1,BB68=1,BC68=1,BD68=1),TRUE,FALSE) -> FALSE | AK68: =O68&Q68&R68&U68&V68&Y68&Z68&AC68&AD68 -> A14130000 | AL68: 692112 | AM68: =C68<>AK68 -> TRUE | AN68: =N68&AK68 -> J9FA14130000 | AR68: =IF(AL68<>"",1,"") -> 1 | AS68: =IF(IFERROR(VLOOKUP(AE68,#REF!,1,0),"")<>"",1,"") | AT68: =IF(IFERROR(VLOOKUP(AE68,#REF!,1,0),"")<>"",1,"") | AU68: =IF(IFERROR(VLOOKUP(AE68,#REF!,1,0),"")<>"",1,"") | AV68: =IF(IFERROR(VLOOKUP(AE68,#REF!,1,0),"")<>"",1,"") | AW68: =IF(IFERROR(VLOOKUP(AE68,#REF!,1,0),"")<>"",1,"") | AX68: =IF(IFERROR(VLOOKUP(AE68,#REF!,1,0),"")<>"",1,"") | AY68: =IF(IFERROR(VLOOKUP(AE68,#REF!,1,0),"")<>"",1,"") | AZ68: =IF(IFERROR(VLOOKUP(AE68,#REF!,1,0),"")<>"",1,"") | BA68: =IF(IFERROR(VLOOKUP(AE68,#REF!,1,0),"")<>"",1,"") | BB68: =IF(IFERROR(VLOOKUP(AE68,#REF!,1,0),"")<>"",1,"") | BC68: =IF(IFERROR(VLOOKUP(AE68,#REF!,1,0),"")<>"",1,"") | BD68: =IF(IFERROR(VLOOKUP(AE68,#REF!,1,0),"")<>"",1,"") | BE68: =SUM(AR68:BD68) -> 1
A69: 46 | B69: 692113 | C69: =LEFT(B69 & "000000000", 9) -> 692113000 | D69: =MID(C69,1,2) -> 69 | E69: =MID(C69,3,1) -> 2 | F69: =MID(C69,4,1) -> 1 | G69: =MID(C69,5,1) -> 1 | H69: =MID(C69,6,1) -> 3 | I69: =MID(C69,7,1) -> 0 | J69: =MID(C69,8,1) -> 0 | K69: =MID(C69,9,1) -> 0 | L69: J9FA14140000 | M69: ビール大麦 | N69: J9F | O69: A | P69: 農産食品 | Q69: 1 | R69: 4 | S69: 大麦 | T69: 大麦 | U69: 1 | V69: 4 | W69: ビール大麦 | X69: ビール大麦 | Y69: 0 | Z69: 0 | AA69: ビール大麦 | AB69: ビール大麦 | AC69: 0 | AD69: 0 | AE69: ビール大麦（国内産大麦） | AF69: 国内産ビール大麦 | AH69: 1 | AI69: 大麦の同義語に移動 | AJ69: =IF(OR(AS69=1,AT69=1,AU69=1,AV69=1,AW69=1,AX69=1,AY69=1,AZ69=1,BA69=1,BB69=1,BC69=1,BD69=1),TRUE,FALSE) -> FALSE | AK69: =O69&Q69&R69&U69&V69&Y69&Z69&AC69&AD69 -> A14140000 | AL69: 692113 | AM69: =C69<>AK69 -> TRUE | AN69: =N69&AK69 -> J9FA14140000 | AR69: =IF(AL69<>"",1,"") -> 1 | AS69: =IF(IFERROR(VLOOKUP(AE69,#REF!,1,0),"")<>"",1,"") | AT69: =IF(IFERROR(VLOOKUP(AE69,#REF!,1,0),"")<>"",1,"") | AU69: =IF(IFERROR(VLOOKUP(AE69,#REF!,1,0),"")<>"",1,"") | AV69: =IF(IFERROR(VLOOKUP(AE69,#REF!,1,0),"")<>"",1,"") | AW69: =IF(IFERROR(VLOOKUP(AE69,#REF!,1,0),"")<>"",1,"") | AX69: =IF(IFERROR(VLOOKUP(AE69,#REF!,1,0),"")<>"",1,"") | AY69: =IF(IFERROR(VLOOKUP(AE69,#REF!,1,0),"")<>"",1,"") | AZ69: =IF(IFERROR(VLOOKUP(AE69,#REF!,1,0),"")<>"",1,"") | BA69: =IF(IFERROR(VLOOKUP(AE69,#REF!,1,0),"")<>"",1,"") | BB69: =IF(IFERROR(VLOOKUP(AE69,#REF!,1,0),"")<>"",1,"") | BC69: =IF(IFERROR(VLOOKUP(AE69,#REF!,1,0),"")<>"",1,"") | BD69: =IF(IFERROR(VLOOKUP(AE69,#REF!,1,0),"")<>"",1,"") | BE69: =SUM(AR69:BD69) -> 1
A70: 47 | B70: 69212 | C70: =LEFT(B70 & "000000000", 9) -> 692120000 | D70: =MID(C70,1,2) -> 69 | E70: =MID(C70,3,1) -> 2 | F70: =MID(C70,4,1) -> 1 | G70: =MID(C70,5,1) -> 2 | H70: =MID(C70,6,1) -> 0 | I70: =MID(C70,7,1) -> 0 | J70: =MID(C70,8,1) -> 0 | K70: =MID(C70,9,1) -> 0 | L70: J9FA14150000 | M70: 外国産大麦 | N70: J9F | O70: A | P70: 農産食品 | Q70: 1 | R70: 4 | S70: 大麦 | T70: 大麦 | U70: 1 | V70: 5 | W70: 外国産大麦 | X70: 外国産大麦 | Y70: 0 | Z70: 0 | AA70: 外国産大麦 | AB70: 外国産大麦 | AC70: 0 | AD70: 0 | AE70: 外国産大麦 | AF70: 外国産大麦 | AH70: 1 | AJ70: =IF(OR(AS70=1,AT70=1,AU70=1,AV70=1,AW70=1,AX70=1,AY70=1,AZ70=1,BA70=1,BB70=1,BC70=1,BD70=1),TRUE,FALSE) -> FALSE | AK70: =O70&Q70&R70&U70&V70&Y70&Z70&AC70&AD70 -> A14150000 | AL70: 69212 | AM70: =C70<>AK70 -> TRUE | AN70: =N70&AK70 -> J9FA14150000 | AR70: =IF(AL70<>"",1,"") -> 1 | AS70: =IF(IFERROR(VLOOKUP(AE70,#REF!,1,0),"")<>"",1,"") | AT70: =IF(IFERROR(VLOOKUP(AE70,#REF!,1,0),"")<>"",1,"") | AU70: =IF(IFERROR(VLOOKUP(AE70,#REF!,1,0),"")<>"",1,"") | AV70: =IF(IFERROR(VLOOKUP(AE70,#REF!,1,0),"")<>"",1,"") | AW70: =IF(IFERROR(VLOOKUP(AE70,#REF!,1,0),"")<>"",1,"") | AX70: =IF(IFERROR(VLOOKUP(AE70,#REF!,1,0),"")<>"",1,"") | AY70: =IF(IFERROR(VLOOKUP(AE70,#REF!,1,0),"")<>"",1,"") | AZ70: =IF(IFERROR(VLOOKUP(AE70,#REF!,1,0),"")<>"",1,"") | BA70: =IF(IFERROR(VLOOKUP(AE70,#REF!,1,0),"")<>"",1,"") | BB70: =IF(IFERROR(VLOOKUP(AE70,#REF!,1,0),"")<>"",1,"") | BC70: =IF(IFERROR(VLOOKUP(AE70,#REF!,1,0),"")<>"",1,"") | BD70: =IF(IFERROR(VLOOKUP(AE70,#REF!,1,0),"")<>"",1,"") | BE70: =SUM(AR70:BD70) -> 1
A71: 48 | B71: 692121 | C71: =LEFT(B71 & "000000000", 9) -> 692121000 | D71: =MID(C71,1,2) -> 69 | E71: =MID(C71,3,1) -> 2 | F71: =MID(C71,4,1) -> 1 | G71: =MID(C71,5,1) -> 2 | H71: =MID(C71,6,1) -> 1 | I71: =MID(C71,7,1) -> 0 | J71: =MID(C71,8,1) -> 0 | K71: =MID(C71,9,1) -> 0 | L71: J9FA14160000 | M71: 普通大麦 | N71: J9F | O71: A | P71: 農産食品 | Q71: 1 | R71: 4 | S71: 大麦 | T71: 大麦 | U71: 1 | V71: 6 | W71: 普通大麦 | X71: 普通大麦 | Y71: 0 | Z71: 0 | AA71: 普通大麦 | AB71: 普通大麦 | AC71: 0 | AD71: 0 | AE71: 普通大麦 | AF71: 普通大麦 | AH71: 1 | AJ71: =IF(OR(AS71=1,AT71=1,AU71=1,AV71=1,AW71=1,AX71=1,AY71=1,AZ71=1,BA71=1,BB71=1,BC71=1,BD71=1),TRUE,FALSE) -> FALSE | AK71: =O71&Q71&R71&U71&V71&Y71&Z71&AC71&AD71 -> A14160000 | AL71: 692121 | AM71: =C71<>AK71 -> TRUE | AN71: =N71&AK71 -> J9FA14160000 | AR71: =IF(AL71<>"",1,"") -> 1 | AS71: =IF(IFERROR(VLOOKUP(AE71,#REF!,1,0),"")<>"",1,"") | AT71: =IF(IFERROR(VLOOKUP(AE71,#REF!,1,0),"")<>"",1,"") | AU71: =IF(IFERROR(VLOOKUP(AE71,#REF!,1,0),"")<>"",1,"") | AV71: =IF(IFERROR(VLOOKUP(AE71,#REF!,1,0),"")<>"",1,"") | AW71: =IF(IFERROR(VLOOKUP(AE71,#REF!,1,0),"")<>"",1,"") | AX71: =IF(IFERROR(VLOOKUP(AE71,#REF!,1,0),"")<>"",1,"") | AY71: =IF(IFERROR(VLOOKUP(AE71,#REF!,1,0),"")<>"",1,"") | AZ71: =IF(IFERROR(VLOOKUP(AE71,#REF!,1,0),"")<>"",1,"") | BA71: =IF(IFERROR(VLOOKUP(AE71,#REF!,1,0),"")<>"",1,"") | BB71: =IF(IFERROR(VLOOKUP(AE71,#REF!,1,0),"")<>"",1,"") | BC71: =IF(IFERROR(VLOOKUP(AE71,#REF!,1,0),"")<>"",1,"") | BD71: =IF(IFERROR(VLOOKUP(AE71,#REF!,1,0),"")<>"",1,"") | BE71: =SUM(AR71:BD71) -> 1
A72: 49 | B72: 692122 | C72: =LEFT(B72 & "000000000", 9) -> 692122000 | D72: =MID(C72,1,2) -> 69 | E72: =MID(C72,3,1) -> 2 | F72: =MID(C72,4,1) -> 1 | G72: =MID(C72,5,1) -> 2 | H72: =MID(C72,6,1) -> 2 | I72: =MID(C72,7,1) -> 0 | J72: =MID(C72,8,1) -> 0 | K72: =MID(C72,9,1) -> 0 | L72: J9FA14170000 | M72: ビール大麦 | N72: J9F | O72: A | P72: 農産食品 | Q72: 1 | R72: 4 | S72: 大麦 | T72: 大麦 | U72: 1 | V72: 7 | W72: ビール大麦 | X72: ビール大麦 | Y72: 0 | Z72: 0 | AA72: ビール大麦 | AB72: ビール大麦 | AC72: 0 | AD72: 0 | AE72: ビール大麦（外国産大麦） | AF72: 外国産ビール大麦 | AH72: 1 | AI72: 大麦の同義語に移動 | AJ72: =IF(OR(AS72=1,AT72=1,AU72=1,AV72=1,AW72=1,AX72=1,AY72=1,AZ72=1,BA72=1,BB72=1,BC72=1,BD72=1),TRUE,FALSE) -> FALSE | AK72: =O72&Q72&R72&U72&V72&Y72&Z72&AC72&AD72 -> A14170000 | AL72: 692122 | AM72: =C72<>AK72 -> TRUE | AN72: =N72&AK72 -> J9FA14170000 | AR72: =IF(AL72<>"",1,"") -> 1 | AS72: =IF(IFERROR(VLOOKUP(AE72,#REF!,1,0),"")<>"",1,"") | AT72: =IF(IFERROR(VLOOKUP(AE72,#REF!,1,0),"")<>"",1,"") | AU72: =IF(IFERROR(VLOOKUP(AE72,#REF!,1,0),"")<>"",1,"") | AV72: =IF(IFERROR(VLOOKUP(AE72,#REF!,1,0),"")<>"",1,"") | AW72: =IF(IFERROR(VLOOKUP(AE72,#REF!,1,0),"")<>"",1,"") | AX72: =IF(IFERROR(VLOOKUP(AE72,#REF!,1,0),"")<>"",1,"") | AY72: =IF(IFERROR(VLOOKUP(AE72,#REF!,1,0),"")<>"",1,"") | AZ72: =IF(IFERROR(VLOOKUP(AE72,#REF!,1,0),"")<>"",1,"") | BA72: =IF(IFERROR(VLOOKUP(AE72,#REF!,1,0),"")<>"",1,"") | BB72: =IF(IFERROR(VLOOKUP(AE72,#REF!,1,0),"")<>"",1,"") | BC72: =IF(IFERROR(VLOOKUP(AE72,#REF!,1,0),"")<>"",1,"") | BD72: =IF(IFERROR(VLOOKUP(AE72,#REF!,1,0),"")<>"",1,"") | BE72: =SUM(AR72:BD72) -> 1
A73: 50 | B73: 6922 | C73: =LEFT(B73 & "000000000", 9) -> 692200000 | D73: =MID(C73,1,2) -> 69 | E73: =MID(C73,3,1) -> 2 | F73: =MID(C73,4,1) -> 2 | G73: =MID(C73,5,1) -> 0 | H73: =MID(C73,6,1) -> 0 | I73: =MID(C73,7,1) -> 0 | J73: =MID(C73,8,1) -> 0 | K73: =MID(C73,9,1) -> 0 | L73: J9FA14180000 | M73: はだか麦 | N73: J9F | O73: A | P73: 農産食品 | Q73: 1 | R73: 4 | S73: 大麦 | T73: 大麦 | U73: 1 | V73: 8 | W73: はだか麦 | X73: はだか麦 | Y73: 0 | Z73: 0 | AA73: はだか麦 | AB73: はだか麦 | AC73: 0 | AD73: 0 | AE73: はだか麦 | AF73: はだか麦 | AH73: 1 | AI73: 大麦の同義語に移動 | AJ73: =IF(OR(AS73=1,AT73=1,AU73=1,AV73=1,AW73=1,AX73=1,AY73=1,AZ73=1,BA73=1,BB73=1,BC73=1,BD73=1),TRUE,FALSE) -> FALSE | AK73: =O73&Q73&R73&U73&V73&Y73&Z73&AC73&AD73 -> A14180000 | AL73: 6922 | AM73: =C73<>AK73 -> TRUE | AN73: =N73&AK73 -> J9FA14180000 | AR73: =IF(AL73<>"",1,"") -> 1 | AS73: =IF(IFERROR(VLOOKUP(AE73,#REF!,1,0),"")<>"",1,"") | AT73: =IF(IFERROR(VLOOKUP(AE73,#REF!,1,0),"")<>"",1,"") | AU73: =IF(IFERROR(VLOOKUP(AE73,#REF!,1,0),"")<>"",1,"") | AV73: =IF(IFERROR(VLOOKUP(AE73,#REF!,1,0),"")<>"",1,"") | AW73: =IF(IFERROR(VLOOKUP(AE73,#REF!,1,0),"")<>"",1,"") | AX73: =IF(IFERROR(VLOOKUP(AE73,#REF!,1,0),"")<>"",1,"") | AY73: =IF(IFERROR(VLOOKUP(AE73,#REF!,1,0),"")<>"",1,"") | AZ73: =IF(IFERROR(VLOOKUP(AE73,#REF!,1,0),"")<>"",1,"") | BA73: =IF(IFERROR(VLOOKUP(AE73,#REF!,1,0),"")<>"",1,"") | BB73: =IF(IFERROR(VLOOKUP(AE73,#REF!,1,0),"")<>"",1,"") | BC73: =IF(IFERROR(VLOOKUP(AE73,#REF!,1,0),"")<>"",1,"") | BD73: =IF(IFERROR(VLOOKUP(AE73,#REF!,1,0),"")<>"",1,"") | BE73: =SUM(AR73:BD73) -> 1
L74: J9FA14980000 | N74: J9F | O74: A | P74: 農産食品 | Q74: 1 | R74: 4 | S74: 大麦 | T74: 大麦 | U74: 9 | V74: 8 | W74: 大麦（その他） | X74: 大麦（その他） | Y74: 0 | Z74: 0 | AA74: 大麦（その他） | AB74: 大麦（その他） | AC74: 0 | AD74: 0 | AE74: 大麦（その他） | AF74: 大麦（その他） | AJ74: =IF(OR(AS74=1,AT74=1,AU74=1,AV74=1,AW74=1,AX74=1,AY74=1,AZ74=1,BA74=1,BB74=1,BC74=1,BD74=1),TRUE,FALSE) -> FALSE | AK74: =O74&Q74&R74&U74&V74&Y74&Z74&AC74&AD74 -> A14980000 | AN74: =N74&AK74 -> J9FA14980000 | BE74: =SUM(AR74:BD74) -> 0
L75: J9FA14990000 | N75: J9F | O75: A | P75: 農産食品 | Q75: 1 | R75: 4 | S75: 大麦 | T75: 大麦 | U75: 9 | V75: 9 | W75: 大麦（詳細不明） | X75: 大麦（詳細不明） | Y75: 0 | Z75: 0 | AA75: 大麦（詳細不明） | AB75: 大麦（詳細不明） | AC75: 0 | AD75: 0 | AE75: 大麦（詳細不明） | AF75: 大麦（詳細不明） | AJ75: =IF(OR(AS75=1,AT75=1,AU75=1,AV75=1,AW75=1,AX75=1,AY75=1,AZ75=1,BA75=1,BB75=1,BC75=1,BD75=1),TRUE,FALSE) -> FALSE | AK75: =O75&Q75&R75&U75&V75&Y75&Z75&AC75&AD75 -> A14990000 | AN75: =N75&AK75 -> J9FA14990000 | BE75: =SUM(AR75:BD75) -> 0
A76: 51 | B76: 6923 | C76: =LEFT(B76 & "000000000", 9) -> 692300000 | D76: =MID(C76,1,2) -> 69 | E76: =MID(C76,3,1) -> 2 | F76: =MID(C76,4,1) -> 3 | G76: =MID(C76,5,1) -> 0 | H76: =MID(C76,6,1) -> 0 | I76: =MID(C76,7,1) -> 0 | J76: =MID(C76,8,1) -> 0 | K76: =MID(C76,9,1) -> 0 | L76: J9FA15000000 | M76: 小麦 | N76: J9F | O76: A | P76: 農産食品 | Q76: 1 | R76: 5 | S76: 小麦 | T76: 小麦 | U76: 0 | V76: 0 | W76: 小麦 | X76: 小麦 | Y76: 0 | Z76: 0 | AA76: 小麦 | AB76: 小麦 | AC76: 0 | AD76: 0 | AE76: 小麦 | AF76: 小麦 | AJ76: =IF(OR(AS76=1,AT76=1,AU76=1,AV76=1,AW76=1,AX76=1,AY76=1,AZ76=1,BA76=1,BB76=1,BC76=1,BD76=1),TRUE,FALSE) -> FALSE | AK76: =O76&Q76&R76&U76&V76&Y76&Z76&AC76&AD76 -> A15000000 | AL76: 6923 | AM76: =C76<>AK76 -> TRUE | AN76: =N76&AK76 -> J9FA15000000 | AR76: =IF(AL76<>"",1,"") -> 1 | AS76: =IF(IFERROR(VLOOKUP(AE76,#REF!,1,0),"")<>"",1,"") | AT76: =IF(IFERROR(VLOOKUP(AE76,#REF!,1,0),"")<>"",1,"") | AU76: =IF(IFERROR(VLOOKUP(AE76,#REF!,1,0),"")<>"",1,"") | AV76: =IF(IFERROR(VLOOKUP(AE76,#REF!,1,0),"")<>"",1,"") | AW76: =IF(IFERROR(VLOOKUP(AE76,#REF!,1,0),"")<>"",1,"") | AX76: =IF(IFERROR(VLOOKUP(AE76,#REF!,1,0),"")<>"",1,"") | AY76: =IF(IFERROR(VLOOKUP(AE76,#REF!,1,0),"")<>"",1,"") | AZ76: =IF(IFERROR(VLOOKUP(AE76,#REF!,1,0),"")<>"",1,"") | BA76: =IF(IFERROR(VLOOKUP(AE76,#REF!,1,0),"")<>"",1,"") | BB76: =IF(IFERROR(VLOOKUP(AE76,#REF!,1,0),"")<>"",1,"") | BC76: =IF(IFERROR(VLOOKUP(AE76,#REF!,1,0),"")<>"",1,"") | BD76: =IF(IFERROR(VLOOKUP(AE76,#REF!,1,0),"")<>"",1,"") | BE76: =SUM(AR76:BD76) -> 1
A77: 2756 | B77: 999999999 | C77: 999999999 | D77: =MID(C77,1,2) -> 99 | E77: =MID(C77,3,1) -> 9 | F77: =MID(C77,4,1) -> 9 | G77: =MID(C77,5,1) -> 9 | H77: =MID(C77,6,1) -> 9 | I77: =MID(C77,7,1) -> 9 | J77: =MID(C77,8,1) -> 9 | K77: =MID(C77,9,1) -> 9 | L77: J9FA15000011 | M77: 小麦ふすま | N77: J9F | O77: A | P77: 農産食品 | Q77: 1 | R77: 5 | S77: 小麦 | T77: 小麦 | U77: 0 | V77: 0 | W77: 小麦 | X77: 小麦 | Y77: 0 | Z77: 0 | AA77: 小麦 | AB77: 小麦 | AC77: 1 | AD77: 1 | AE77: 小麦ふすま | AF77: 小麦ふすま | AJ77: =IF(OR(AS77=1,AT77=1,AU77=1,AV77=1,AW77=1,AX77=1,AY77=1,AZ77=1,BA77=1,BB77=1,BC77=1,BD77=1),TRUE,FALSE) -> FALSE | AK77: =O77&Q77&R77&U77&V77&Y77&Z77&AC77&AD77 -> A15000011 | AM77: =C77<>AK77 -> TRUE | AN77: =N77&AK77 -> J9FA15000011 | AR77: =IF(AL77<>"",1,"") | AS77: =IF(IFERROR(VLOOKUP(AE77,#REF!,1,0),"")<>"",1,"") | AT77: =IF(IFERROR(VLOOKUP(AE77,#REF!,1,0),"")<>"",1,"") | AU77: =IF(IFERROR(VLOOKUP(AE77,#REF!,1,0),"")<>"",1,"") | AV77: =IF(IFERROR(VLOOKUP(AE77,#REF!,1,0),"")<>"",1,"") | AW77: =IF(IFERROR(VLOOKUP(AE77,#REF!,1,0),"")<>"",1,"") | AX77: =IF(IFERROR(VLOOKUP(AE77,#REF!,1,0),"")<>"",1,"") | AY77: =IF(IFERROR(VLOOKUP(AE77,#REF!,1,0),"")<>"",1,"") | AZ77: =IF(IFERROR(VLOOKUP(AE77,#REF!,1,0),"")<>"",1,"") | BA77: =IF(IFERROR(VLOOKUP(AE77,#REF!,1,0),"")<>"",1,"") | BB77: =IF(IFERROR(VLOOKUP(AE77,#REF!,1,0),"")<>"",1,"") | BC77: =IF(IFERROR(VLOOKUP(AE77,#REF!,1,0),"")<>"",1,"") | BD77: =IF(IFERROR(VLOOKUP(AE77,#REF!,1,0),"")<>"",1,"") | BE77: =SUM(AR77:BD77) -> 0
A78: 2758 | B78: 999999999 | C78: 999999999 | D78: =MID(C78,1,2) -> 99 | E78: =MID(C78,3,1) -> 9 | F78: =MID(C78,4,1) -> 9 | G78: =MID(C78,5,1) -> 9 | H78: =MID(C78,6,1) -> 9 | I78: =MID(C78,7,1) -> 9 | J78: =MID(C78,8,1) -> 9 | K78: =MID(C78,9,1) -> 9 | L78: J9FA15000012 | M78: こむぎ胚芽 | N78: J9F | O78: A | P78: 農産食品 | Q78: 1 | R78: 5 | S78: 小麦 | T78: 小麦 | U78: 0 | V78: 0 | W78: 小麦 | X78: 小麦 | Y78: 0 | Z78: 0 | AA78: 小麦 | AB78: 小麦 | AC78: 1 | AD78: 2 | AE78: こむぎ胚芽 | AF78: こむぎ胚芽 | AJ78: =IF(OR(AS78=1,AT78=1,AU78=1,AV78=1,AW78=1,AX78=1,AY78=1,AZ78=1,BA78=1,BB78=1,BC78=1,BD78=1),TRUE,FALSE) -> FALSE | AK78: =O78&Q78&R78&U78&V78&Y78&Z78&AC78&AD78 -> A15000012 | AM78: =C78<>AK78 -> TRUE | AN78: =N78&AK78 -> J9FA15000012 | AR78: =IF(AL78<>"",1,"") | AS78: =IF(IFERROR(VLOOKUP(AE78,#REF!,1,0),"")<>"",1,"") | AT78: =IF(IFERROR(VLOOKUP(AE78,#REF!,1,0),"")<>"",1,"") | AU78: =IF(IFERROR(VLOOKUP(AE78,#REF!,1,0),"")<>"",1,"") | AV78: =IF(IFERROR(VLOOKUP(AE78,#REF!,1,0),"")<>"",1,"") | AW78: =IF(IFERROR(VLOOKUP(AE78,#REF!,1,0),"")<>"",1,"") | AX78: =IF(IFERROR(VLOOKUP(AE78,#REF!,1,0),"")<>"",1,"") | AY78: =IF(IFERROR(VLOOKUP(AE78,#REF!,1,0),"")<>"",1,"") | AZ78: =IF(IFERROR(VLOOKUP(AE78,#REF!,1,0),"")<>"",1,"") | BA78: =IF(IFERROR(VLOOKUP(AE78,#REF!,1,0),"")<>"",1,"") | BB78: =IF(IFERROR(VLOOKUP(AE78,#REF!,1,0),"")<>"",1,"") | BC78: =IF(IFERROR(VLOOKUP(AE78,#REF!,1,0),"")<>"",1,"") | BD78: =IF(IFERROR(VLOOKUP(AE78,#REF!,1,0),"")<>"",1,"") | BE78: =SUM(AR78:BD78) -> 0
A79: 2759 | B79: 999999999 | C79: 999999999 | D79: =MID(C79,1,2) -> 99 | E79: =MID(C79,3,1) -> 9 | F79: =MID(C79,4,1) -> 9 | G79: =MID(C79,5,1) -> 9 | H79: =MID(C79,6,1) -> 9 | I79: =MID(C79,7,1) -> 9 | J79: =MID(C79,8,1) -> 9 | K79: =MID(C79,9,1) -> 9 | L79: J9FA15000013 | M79: グルテン | N79: J9F | O79: A | P79: 農産食品 | Q79: 1 | R79: 5 | S79: 小麦 | T79: 小麦 | U79: 0 | V79: 0 | W79: 小麦 | X79: 小麦 | Y79: 0 | Z79: 0 | AA79: 小麦 | AB79: 小麦 | AC79: 1 | AD79: 3 | AE79: グルテン | AF79: グルテン | AJ79: =IF(OR(AS79=1,AT79=1,AU79=1,AV79=1,AW79=1,AX79=1,AY79=1,AZ79=1,BA79=1,BB79=1,BC79=1,BD79=1),TRUE,FALSE) -> FALSE | AK79: =O79&Q79&R79&U79&V79&Y79&Z79&AC79&AD79 -> A15000013 | AM79: =C79<>AK79 -> TRUE | AN79: =N79&AK79 -> J9FA15000013 | AR79: =IF(AL79<>"",1,"") | AS79: =IF(IFERROR(VLOOKUP(AE79,#REF!,1,0),"")<>"",1,"") | AT79: =IF(IFERROR(VLOOKUP(AE79,#REF!,1,0),"")<>"",1,"") | AU79: =IF(IFERROR(VLOOKUP(AE79,#REF!,1,0),"")<>"",1,"") | AV79: =IF(IFERROR(VLOOKUP(AE79,#REF!,1,0),"")<>"",1,"") | AW79: =IF(IFERROR(VLOOKUP(AE79,#REF!,1,0),"")<>"",1,"") | AX79: =IF(IFERROR(VLOOKUP(AE79,#REF!,1,0),"")<>"",1,"") | AY79: =IF(IFERROR(VLOOKUP(AE79,#REF!,1,0),"")<>"",1,"") | AZ79: =IF(IFERROR(VLOOKUP(AE79,#REF!,1,0),"")<>"",1,"") | BA79: =IF(IFERROR(VLOOKUP(AE79,#REF!,1,0),"")<>"",1,"") | BB79: =IF(IFERROR(VLOOKUP(AE79,#REF!,1,0),"")<>"",1,"") | BC79: =IF(IFERROR(VLOOKUP(AE79,#REF!,1,0),"")<>"",1,"") | BD79: =IF(IFERROR(VLOOKUP(AE79,#REF!,1,0),"")<>"",1,"") | BE79: =SUM(AR79:BD79) -> 0
A80: 2760 | B80: 999999999 | C80: 999999999 | D80: =MID(C80,1,2) -> 99 | E80: =MID(C80,3,1) -> 9 | F80: =MID(C80,4,1) -> 9 | G80: =MID(C80,5,1) -> 9 | H80: =MID(C80,6,1) -> 9 | I80: =MID(C80,7,1) -> 9 | J80: =MID(C80,8,1) -> 9 | K80: =MID(C80,9,1) -> 9 | L80: J9FA15000014 | M80: グルテニン | N80: J9F | O80: A | P80: 農産食品 | Q80: 1 | R80: 5 | S80: 小麦 | T80: 小麦 | U80: 0 | V80: 0 | W80: 小麦 | X80: 小麦 | Y80: 0 | Z80: 0 | AA80: 小麦 | AB80: 小麦 | AC80: 1 | AD80: 4 | AE80: グルテニン | AF80: グルテニン | AJ80: =IF(OR(AS80=1,AT80=1,AU80=1,AV80=1,AW80=1,AX80=1,AY80=1,AZ80=1,BA80=1,BB80=1,BC80=1,BD80=1),TRUE,FALSE) -> FALSE | AK80: =O80&Q80&R80&U80&V80&Y80&Z80&AC80&AD80 -> A15000014 | AM80: =C80<>AK80 -> TRUE | AN80: =N80&AK80 -> J9FA15000014 | AR80: =IF(AL80<>"",1,"") | AS80: =IF(IFERROR(VLOOKUP(AE80,#REF!,1,0),"")<>"",1,"") | AT80: =IF(IFERROR(VLOOKUP(AE80,#REF!,1,0),"")<>"",1,"") | AU80: =IF(IFERROR(VLOOKUP(AE80,#REF!,1,0),"")<>"",1,"") | AV80: =IF(IFERROR(VLOOKUP(AE80,#REF!,1,0),"")<>"",1,"") | AW80: =IF(IFERROR(VLOOKUP(AE80,#REF!,1,0),"")<>"",1,"") | AX80: =IF(IFERROR(VLOOKUP(AE80,#REF!,1,0),"")<>"",1,"") | AY80: =IF(IFERROR(VLOOKUP(AE80,#REF!,1,0),"")<>"",1,"") | AZ80: =IF(IFERROR(VLOOKUP(AE80,#REF!,1,0),"")<>"",1,"") | BA80: =IF(IFERROR(VLOOKUP(AE80,#REF!,1,0),"")<>"",1,"") | BB80: =IF(IFERROR(VLOOKUP(AE80,#REF!,1,0),"")<>"",1,"") | BC80: =IF(IFERROR(VLOOKUP(AE80,#REF!,1,0),"")<>"",1,"") | BD80: =IF(IFERROR(VLOOKUP(AE80,#REF!,1,0),"")<>"",1,"") | BE80: =SUM(AR80:BD80) -> 0
A81: 2761 | B81: 999999999 | C81: 999999999 | D81: =MID(C81,1,2) -> 99 | E81: =MID(C81,3,1) -> 9 | F81: =MID(C81,4,1) -> 9 | G81: =MID(C81,5,1) -> 9 | H81: =MID(C81,6,1) -> 9 | I81: =MID(C81,7,1) -> 9 | J81: =MID(C81,8,1) -> 9 | K81: =MID(C81,9,1) -> 9 | L81: J9FA15000015 | M81: グリアジン | N81: J9F | O81: A | P81: 農産食品 | Q81: 1 | R81: 5 | S81: 小麦 | T81: 小麦 | U81: 0 | V81: 0 | W81: 小麦 | X81: 小麦 | Y81: 0 | Z81: 0 | AA81: 小麦 | AB81: 小麦 | AC81: 1 | AD81: 5 | AE81: グリアジン | AF81: グリアジン | AJ81: =IF(OR(AS81=1,AT81=1,AU81=1,AV81=1,AW81=1,AX81=1,AY81=1,AZ81=1,BA81=1,BB81=1,BC81=1,BD81=1),TRUE,FALSE) -> FALSE | AK81: =O81&Q81&R81&U81&V81&Y81&Z81&AC81&AD81 -> A15000015 | AM81: =C81<>AK81 -> TRUE | AN81: =N81&AK81 -> J9FA15000015 | AR81: =IF(AL81<>"",1,"") | AS81: =IF(IFERROR(VLOOKUP(AE81,#REF!,1,0),"")<>"",1,"") | AT81: =IF(IFERROR(VLOOKUP(AE81,#REF!,1,0),"")<>"",1,"") | AU81: =IF(IFERROR(VLOOKUP(AE81,#REF!,1,0),"")<>"",1,"") | AV81: =IF(IFERROR(VLOOKUP(AE81,#REF!,1,0),"")<>"",1,"") | AW81: =IF(IFERROR(VLOOKUP(AE81,#REF!,1,0),"")<>"",1,"") | AX81: =IF(IFERROR(VLOOKUP(AE81,#REF!,1,0),"")<>"",1,"") | AY81: =IF(IFERROR(VLOOKUP(AE81,#REF!,1,0),"")<>"",1,"") | AZ81: =IF(IFERROR(VLOOKUP(AE81,#REF!,1,0),"")<>"",1,"") | BA81: =IF(IFERROR(VLOOKUP(AE81,#REF!,1,0),"")<>"",1,"") | BB81: =IF(IFERROR(VLOOKUP(AE81,#REF!,1,0),"")<>"",1,"") | BC81: =IF(IFERROR(VLOOKUP(AE81,#REF!,1,0),"")<>"",1,"") | BD81: =IF(IFERROR(VLOOKUP(AE81,#REF!,1,0),"")<>"",1,"") | BE81: =SUM(AR81:BD81) -> 0
A82: 180 | B82: 6952 | C82: =LEFT(B82 & "000000000", 9) -> 695200000 | D82: =MID(C82,1,2) -> 69 | E82: =MID(C82,3,1) -> 5 | F82: =MID(C82,4,1) -> 2 | G82: =MID(C82,5,1) -> 0 | H82: =MID(C82,6,1) -> 0 | I82: =MID(C82,7,1) -> 0 | J82: =MID(C82,8,1) -> 0 | K82: =MID(C82,9,1) -> 0 | L82: J9FA15000016 | M82: 小麦粉 | N82: J9F | O82: A | P82: 農産食品 | Q82: 1 | R82: 5 | S82: 小麦 | T82: 小麦 | U82: 0 | V82: 0 | W82: 小麦 | X82: 小麦 | Y82: 0 | Z82: 0 | AA82: 小麦 | AB82: 小麦 | AC82: 1 | AD82: 6 | AE82: 小麦粉 | AF82: 小麦粉 | AJ82: =IF(OR(AS82=1,AT82=1,AU82=1,AV82=1,AW82=1,AX82=1,AY82=1,AZ82=1,BA82=1,BB82=1,BC82=1,BD82=1),TRUE,FALSE) -> FALSE | AK82: =O82&Q82&R82&U82&V82&Y82&Z82&AC82&AD82 -> A15000016 | AL82: 6952 | AM82: =C82<>AK82 -> TRUE | AN82: =N82&AK82 -> J9FA15000016 | AO82: 強力粉、薄力粉 | AR82: =IF(AL82<>"",1,"") -> 1 | AS82: =IF(IFERROR(VLOOKUP(AE82,#REF!,1,0),"")<>"",1,"") | AT82: =IF(IFERROR(VLOOKUP(AE82,#REF!,1,0),"")<>"",1,"") | AU82: =IF(IFERROR(VLOOKUP(AE82,#REF!,1,0),"")<>"",1,"") | AV82: =IF(IFERROR(VLOOKUP(AE82,#REF!,1,0),"")<>"",1,"") | AW82: =IF(IFERROR(VLOOKUP(AE82,#REF!,1,0),"")<>"",1,"") | AX82: =IF(IFERROR(VLOOKUP(AE82,#REF!,1,0),"")<>"",1,"") | AY82: =IF(IFERROR(VLOOKUP(AE82,#REF!,1,0),"")<>"",1,"") | AZ82: =IF(IFERROR(VLOOKUP(AE82,#REF!,1,0),"")<>"",1,"") | BA82: =IF(IFERROR(VLOOKUP(AE82,#REF!,1,0),"")<>"",1,"") | BB82: =IF(IFERROR(VLOOKUP(AE82,#REF!,1,0),"")<>"",1,"") | BC82: =IF(IFERROR(VLOOKUP(AE82,#REF!,1,0),"")<>"",1,"") | BD82: =IF(IFERROR(VLOOKUP(AE82,#REF!,1,0),"")<>"",1,"") | BE82: =SUM(AR82:BD82) -> 1
A83: 181 | B83: 69521 | C83: =LEFT(B83 & "000000000", 9) -> 695210000 | D83: =MID(C83,1,2) -> 69 | E83: =MID(C83,3,1) -> 5 | F83: =MID(C83,4,1) -> 2 | G83: =MID(C83,5,1) -> 1 | H83: =MID(C83,6,1) -> 0 | I83: =MID(C83,7,1) -> 0 | J83: =MID(C83,8,1) -> 0 | K83: =MID(C83,9,1) -> 0 | L83: J9FA15000017 | M83: 強力小麦粉 | N83: J9F | O83: A | P83: 農産食品 | Q83: 1 | R83: 5 | S83: 小麦 | T83: 小麦 | U83: 0 | V83: 0 | W83: 小麦 | X83: 小麦 | Y83: 0 | Z83: 0 | AA83: 小麦 | AB83: 小麦 | AC83: 1 | AD83: 7 | AE83: 強力小麦粉 | AF83: 強力小麦粉 | AH83: 1 | AI83: 小麦粉の同義語に移動 | AJ83: =IF(OR(AS83=1,AT83=1,AU83=1,AV83=1,AW83=1,AX83=1,AY83=1,AZ83=1,BA83=1,BB83=1,BC83=1,BD83=1),TRUE,FALSE) -> FALSE | AK83: =O83&Q83&R83&U83&V83&Y83&Z83&AC83&AD83 -> A15000017 | AL83: 69521 | AM83: =C83<>AK83 -> TRUE | AN83: =N83&AK83 -> J9FA15000017 | AR83: =IF(AL83<>"",1,"") -> 1 | AS83: =IF(IFERROR(VLOOKUP(AE83,#REF!,1,0),"")<>"",1,"") | AT83: =IF(IFERROR(VLOOKUP(AE83,#REF!,1,0),"")<>"",1,"") | AU83: =IF(IFERROR(VLOOKUP(AE83,#REF!,1,0),"")<>"",1,"") | AV83: =IF(IFERROR(VLOOKUP(AE83,#REF!,1,0),"")<>"",1,"") | AW83: =IF(IFERROR(VLOOKUP(AE83,#REF!,1,0),"")<>"",1,"") | AX83: =IF(IFERROR(VLOOKUP(AE83,#REF!,1,0),"")<>"",1,"") | AY83: =IF(IFERROR(VLOOKUP(AE83,#REF!,1,0),"")<>"",1,"") | AZ83: =IF(IFERROR(VLOOKUP(AE83,#REF!,1,0),"")<>"",1,"") | BA83: =IF(IFERROR(VLOOKUP(AE83,#REF!,1,0),"")<>"",1,"") | BB83: =IF(IFERROR(VLOOKUP(AE83,#REF!,1,0),"")<>"",1,"") | BC83: =IF(IFERROR(VLOOKUP(AE83,#REF!,1,0),"")<>"",1,"") | BD83: =IF(IFERROR(VLOOKUP(AE83,#REF!,1,0),"")<>"",1,"") | BE83: =SUM(AR83:BD83) -> 1
A84: 182 | B84: 69522 | C84: =LEFT(B84 & "000000000", 9) -> 695220000 | D84: =MID(C84,1,2) -> 69 | E84: =MID(C84,3,1) -> 5 | F84: =MID(C84,4,1) -> 2 | G84: =MID(C84,5,1) -> 2 | H84: =MID(C84,6,1) -> 0 | I84: =MID(C84,7,1) -> 0 | J84: =MID(C84,8,1) -> 0 | K84: =MID(C84,9,1) -> 0 | L84: J9FA15000018 | M84: 準強力小麦粉 | N84: J9F | O84: A | P84: 農産食品 | Q84: 1 | R84: 5 | S84: 小麦 | T84: 小麦 | U84: 0 | V84: 0 | W84: 小麦 | X84: 小麦 | Y84: 0 | Z84: 0 | AA84: 小麦 | AB84: 小麦 | AC84: 1 | AD84: 8 | AE84: 準強力小麦粉 | AF84: 準強力小麦粉 | AH84: 1 | AJ84: =IF(OR(AS84=1,AT84=1,AU84=1,AV84=1,AW84=1,AX84=1,AY84=1,AZ84=1,BA84=1,BB84=1,BC84=1,BD84=1),TRUE,FALSE) -> FALSE | AK84: =O84&Q84&R84&U84&V84&Y84&Z84&AC84&AD84 -> A15000018 | AL84: 69522 | AM84: =C84<>AK84 -> TRUE | AN84: =N84&AK84 -> J9FA15000018 | AR84: =IF(AL84<>"",1,"") -> 1 | AS84: =IF(IFERROR(VLOOKUP(AE84,#REF!,1,0),"")<>"",1,"") | AT84: =IF(IFERROR(VLOOKUP(AE84,#REF!,1,0),"")<>"",1,"") | AU84: =IF(IFERROR(VLOOKUP(AE84,#REF!,1,0),"")<>"",1,"") | AV84: =IF(IFERROR(VLOOKUP(AE84,#REF!,1,0),"")<>"",1,"") | AW84: =IF(IFERROR(VLOOKUP(AE84,#REF!,1,0),"")<>"",1,"") | AX84: =IF(IFERROR(VLOOKUP(AE84,#REF!,1,0),"")<>"",1,"") | AY84: =IF(IFERROR(VLOOKUP(AE84,#REF!,1,0),"")<>"",1,"") | AZ84: =IF(IFERROR(VLOOKUP(AE84,#REF!,1,0),"")<>"",1,"") | BA84: =IF(IFERROR(VLOOKUP(AE84,#REF!,1,0),"")<>"",1,"") | BB84: =IF(IFERROR(VLOOKUP(AE84,#REF!,1,0),"")<>"",1,"") | BC84: =IF(IFERROR(VLOOKUP(AE84,#REF!,1,0),"")<>"",1,"") | BD84: =IF(IFERROR(VLOOKUP(AE84,#REF!,1,0),"")<>"",1,"") | BE84: =SUM(AR84:BD84) -> 1
A85: 183 | B85: 69523 | C85: =LEFT(B85 & "000000000", 9) -> 695230000 | D85: =MID(C85,1,2) -> 69 | E85: =MID(C85,3,1) -> 5 | F85: =MID(C85,4,1) -> 2 | G85: =MID(C85,5,1) -> 3 | H85: =MID(C85,6,1) -> 0 | I85: =MID(C85,7,1) -> 0 | J85: =MID(C85,8,1) -> 0 | K85: =MID(C85,9,1) -> 0 | L85: J9FA15000019 | M85: 薄力小麦粉 | N85: J9F | O85: A | P85: 農産食品 | Q85: 1 | R85: 5 | S85: 小麦 | T85: 小麦 | U85: 0 | V85: 0 | W85: 小麦 | X85: 小麦 | Y85: 0 | Z85: 0 | AA85: 小麦 | AB85: 小麦 | AC85: 1 | AD85: 9 | AE85: 薄力小麦粉 | AF85: 薄力小麦粉 | AH85: 1 | AI85: 小麦粉の同義語に移動 | AJ85: =IF(OR(AS85=1,AT85=1,AU85=1,AV85=1,AW85=1,AX85=1,AY85=1,AZ85=1,BA85=1,BB85=1,BC85=1,BD85=1),TRUE,FALSE) -> FALSE | AK85: =O85&Q85&R85&U85&V85&Y85&Z85&AC85&AD85 -> A15000019 | AL85: 69523 | AM85: =C85<>AK85 -> TRUE | AN85: =N85&AK85 -> J9FA15000019 | AR85: =IF(AL85<>"",1,"") -> 1 | AS85: =IF(IFERROR(VLOOKUP(AE85,#REF!,1,0),"")<>"",1,"") | AT85: =IF(IFERROR(VLOOKUP(AE85,#REF!,1,0),"")<>"",1,"") | AU85: =IF(IFERROR(VLOOKUP(AE85,#REF!,1,0),"")<>"",1,"") | AV85: =IF(IFERROR(VLOOKUP(AE85,#REF!,1,0),"")<>"",1,"") | AW85: =IF(IFERROR(VLOOKUP(AE85,#REF!,1,0),"")<>"",1,"") | AX85: =IF(IFERROR(VLOOKUP(AE85,#REF!,1,0),"")<>"",1,"") | AY85: =IF(IFERROR(VLOOKUP(AE85,#REF!,1,0),"")<>"",1,"") | AZ85: =IF(IFERROR(VLOOKUP(AE85,#REF!,1,0),"")<>"",1,"") | BA85: =IF(IFERROR(VLOOKUP(AE85,#REF!,1,0),"")<>"",1,"") | BB85: =IF(IFERROR(VLOOKUP(AE85,#REF!,1,0),"")<>"",1,"") | BC85: =IF(IFERROR(VLOOKUP(AE85,#REF!,1,0),"")<>"",1,"") | BD85: =IF(IFERROR(VLOOKUP(AE85,#REF!,1,0),"")<>"",1,"") | BE85: =SUM(AR85:BD85) -> 1
A86: 184 | B86: 69524 | C86: =LEFT(B86 & "000000000", 9) -> 695240000 | D86: =MID(C86,1,2) -> 69 | E86: =MID(C86,3,1) -> 5 | F86: =MID(C86,4,1) -> 2 | G86: =MID(C86,5,1) -> 4 | H86: =MID(C86,6,1) -> 0 | I86: =MID(C86,7,1) -> 0 | J86: =MID(C86,8,1) -> 0 | K86: =MID(C86,9,1) -> 0 | L86: J9FA15000021 | M86: 普通小麦粉 | N86: J9F | O86: A | P86: 農産食品 | Q86: 1 | R86: 5 | S86: 小麦 | T86: 小麦 | U86: 0 | V86: 0 | W86: 小麦 | X86: 小麦 | Y86: 0 | Z86: 0 | AA86: 小麦 | AB86: 小麦 | AC86: 2 | AD86: 1 | AE86: 普通小麦粉 | AF86: 普通小麦粉 | AH86: 1 | AJ86: =IF(OR(AS86=1,AT86=1,AU86=1,AV86=1,AW86=1,AX86=1,AY86=1,AZ86=1,BA86=1,BB86=1,BC86=1,BD86=1),TRUE,FALSE) -> FALSE | AK86: =O86&Q86&R86&U86&V86&Y86&Z86&AC86&AD86 -> A15000021 | AL86: 69524 | AM86: =C86<>AK86 -> TRUE | AN86: =N86&AK86 -> J9FA15000021 | AR86: =IF(AL86<>"",1,"") -> 1 | AS86: =IF(IFERROR(VLOOKUP(AE86,#REF!,1,0),"")<>"",1,"") | AT86: =IF(IFERROR(VLOOKUP(AE86,#REF!,1,0),"")<>"",1,"") | AU86: =IF(IFERROR(VLOOKUP(AE86,#REF!,1,0),"")<>"",1,"") | AV86: =IF(IFERROR(VLOOKUP(AE86,#REF!,1,0),"")<>"",1,"") | AW86: =IF(IFERROR(VLOOKUP(AE86,#REF!,1,0),"")<>"",1,"") | AX86: =IF(IFERROR(VLOOKUP(AE86,#REF!,1,0),"")<>"",1,"") | AY86: =IF(IFERROR(VLOOKUP(AE86,#REF!,1,0),"")<>"",1,"") | AZ86: =IF(IFERROR(VLOOKUP(AE86,#REF!,1,0),"")<>"",1,"") | BA86: =IF(IFERROR(VLOOKUP(AE86,#REF!,1,0),"")<>"",1,"") | BB86: =IF(IFERROR(VLOOKUP(AE86,#REF!,1,0),"")<>"",1,"") | BC86: =IF(IFERROR(VLOOKUP(AE86,#REF!,1,0),"")<>"",1,"") | BD86: =IF(IFERROR(VLOOKUP(AE86,#REF!,1,0),"")<>"",1,"") | BE86: =SUM(AR86:BD86) -> 1
A87: 186 | B87: 69529 | C87: =LEFT(B87 & "000000000", 9) -> 695290000 | D87: =MID(C87,1,2) -> 69 | E87: =MID(C87,3,1) -> 5 | F87: =MID(C87,4,1) -> 2 | G87: =MID(C87,5,1) -> 9 | H87: =MID(C87,6,1) -> 0 | I87: =MID(C87,7,1) -> 0 | J87: =MID(C87,8,1) -> 0 | K87: =MID(C87,9,1) -> 0 | M87: その他の小麦粉 | O87: A | P87: 農産食品 | Q87: 1 | S87: 小麦 | T87: 小麦 | U87: 0 | V87: 0 | X87: 小麦 | Y87: 0 | Z87: 0 | AB87: 小麦 | AC87: 1 | AD87: 1 | AE87: その他の小麦粉 | AG87: 1 | AK87: =O87&Q87&#REF!&U87&V87&Y87&Z87&AC87&AD87 -> #REF! | AL87: 69529 | AM87: =C87<>AK87 -> #REF! | AR87: =IF(AL87<>"",1,"") -> 1 | AS87: =IF(IFERROR(VLOOKUP(AE87,#REF!,1,0),"")<>"",1,"") | AT87: =IF(IFERROR(VLOOKUP(AE87,#REF!,1,0),"")<>"",1,"") | AU87: =IF(IFERROR(VLOOKUP(AE87,#REF!,1,0),"")<>"",1,"") | AV87: =IF(IFERROR(VLOOKUP(AE87,#REF!,1,0),"")<>"",1,"") | AW87: =IF(IFERROR(VLOOKUP(AE87,#REF!,1,0),"")<>"",1,"") | AX87: =IF(IFERROR(VLOOKUP(AE87,#REF!,1,0),"")<>"",1,"") | AY87: =IF(IFERROR(VLOOKUP(AE87,#REF!,1,0),"")<>"",1,"") | AZ87: =IF(IFERROR(VLOOKUP(AE87,#REF!,1,0),"")<>"",1,"") | BA87: =IF(IFERROR(VLOOKUP(AE87,#REF!,1,0),"")<>"",1,"") | BB87: =IF(IFERROR(VLOOKUP(AE87,#REF!,1,0),"")<>"",1,"") | BC87: =IF(IFERROR(VLOOKUP(AE87,#REF!,1,0),"")<>"",1,"") | BD87: =IF(IFERROR(VLOOKUP(AE87,#REF!,1,0),"")<>"",1,"") | BE87: =SUM(AR87:BD87) -> 1
A88: 187 | B88: 695291 | C88: =LEFT(B88 & "000000000", 9) -> 695291000 | D88: =MID(C88,1,2) -> 69 | E88: =MID(C88,3,1) -> 5 | F88: =MID(C88,4,1) -> 2 | G88: =MID(C88,5,1) -> 9 | H88: =MID(C88,6,1) -> 1 | I88: =MID(C88,7,1) -> 0 | J88: =MID(C88,8,1) -> 0 | K88: =MID(C88,9,1) -> 0 | L88: J9FA15000022 | M88: 特殊小麦粉 | N88: J9F | O88: A | P88: 農産食品 | Q88: 1 | R88: 5 | S88: 小麦 | T88: 小麦 | U88: 0 | V88: 0 | W88: 小麦 | X88: 小麦 | Y88: 0 | Z88: 0 | AA88: 小麦 | AB88: 小麦 | AC88: 2 | AD88: 2 | AE88: 特殊小麦粉 | AF88: 特殊小麦粉 | AH88: 1 | AJ88: =IF(OR(AS88=1,AT88=1,AU88=1,AV88=1,AW88=1,AX88=1,AY88=1,AZ88=1,BA88=1,BB88=1,BC88=1,BD88=1),TRUE,FALSE) -> FALSE | AK88: =O88&Q88&R88&U88&V88&Y88&Z88&AC88&AD88 -> A15000022 | AL88: 695291 | AM88: =C88<>AK88 -> TRUE | AN88: =N88&AK88 -> J9FA15000022 | AR88: =IF(AL88<>"",1,"") -> 1 | AS88: =IF(IFERROR(VLOOKUP(AE88,#REF!,1,0),"")<>"",1,"") | AT88: =IF(IFERROR(VLOOKUP(AE88,#REF!,1,0),"")<>"",1,"") | AU88: =IF(IFERROR(VLOOKUP(AE88,#REF!,1,0),"")<>"",1,"") | AV88: =IF(IFERROR(VLOOKUP(AE88,#REF!,1,0),"")<>"",1,"") | AW88: =IF(IFERROR(VLOOKUP(AE88,#REF!,1,0),"")<>"",1,"") | AX88: =IF(IFERROR(VLOOKUP(AE88,#REF!,1,0),"")<>"",1,"") | AY88: =IF(IFERROR(VLOOKUP(AE88,#REF!,1,0),"")<>"",1,"") | AZ88: =IF(IFERROR(VLOOKUP(AE88,#REF!,1,0),"")<>"",1,"") | BA88: =IF(IFERROR(VLOOKUP(AE88,#REF!,1,0),"")<>"",1,"") | BB88: =IF(IFERROR(VLOOKUP(AE88,#REF!,1,0),"")<>"",1,"") | BC88: =IF(IFERROR(VLOOKUP(AE88,#REF!,1,0),"")<>"",1,"") | BD88: =IF(IFERROR(VLOOKUP(AE88,#REF!,1,0),"")<>"",1,"") | BE88: =SUM(AR88:BD88) -> 1
A89: 188 | B89: 695299 | C89: =LEFT(B89 & "000000000", 9) -> 695299000 | D89: =MID(C89,1,2) -> 69 | E89: =MID(C89,3,1) -> 5 | F89: =MID(C89,4,1) -> 2 | G89: =MID(C89,5,1) -> 9 | H89: =MID(C89,6,1) -> 9 | I89: =MID(C89,7,1) -> 0 | J89: =MID(C89,8,1) -> 0 | K89: =MID(C89,9,1) -> 0 | M89: 他に分類されない小麦粉 | O89: A | P89: 農産食品 | Q89: 1 | S89: 小麦 | T89: 小麦 | U89: 0 | V89: 0 | X89: 小麦 | Y89: 0 | Z89: 0 | AB89: 小麦 | AC89: 1 | AD89: 1 | AE89: 他に分類されない小麦粉 | AG89: 1 | AK89: =O89&Q89&#REF!&U89&V89&Y89&Z89&AC89&AD89 -> #REF! | AL89: 695299 | AM89: =C89<>AK89 -> #REF! | AR89: =IF(AL89<>"",1,"") -> 1 | AS89: =IF(IFERROR(VLOOKUP(AE89,#REF!,1,0),"")<>"",1,"") | AT89: =IF(IFERROR(VLOOKUP(AE89,#REF!,1,0),"")<>"",1,"") | AU89: =IF(IFERROR(VLOOKUP(AE89,#REF!,1,0),"")<>"",1,"") | AV89: =IF(IFERROR(VLOOKUP(AE89,#REF!,1,0),"")<>"",1,"") | AW89: =IF(IFERROR(VLOOKUP(AE89,#REF!,1,0),"")<>"",1,"") | AX89: =IF(IFERROR(VLOOKUP(AE89,#REF!,1,0),"")<>"",1,"") | AY89: =IF(IFERROR(VLOOKUP(AE89,#REF!,1,0),"")<>"",1,"") | AZ89: =IF(IFERROR(VLOOKUP(AE89,#REF!,1,0),"")<>"",1,"") | BA89: =IF(IFERROR(VLOOKUP(AE89,#REF!,1,0),"")<>"",1,"") | BB89: =IF(IFERROR(VLOOKUP(AE89,#REF!,1,0),"")<>"",1,"") | BC89: =IF(IFERROR(VLOOKUP(AE89,#REF!,1,0),"")<>"",1,"") | BD89: =IF(IFERROR(VLOOKUP(AE89,#REF!,1,0),"")<>"",1,"") | BE89: =SUM(AR89:BD89) -> 1
A90: 216 | B90: 6961 | C90: =LEFT(B90 & "000000000", 9) -> 696100000 | D90: =MID(C90,1,2) -> 69 | E90: =MID(C90,3,1) -> 6 | F90: =MID(C90,4,1) -> 1 | G90: =MID(C90,5,1) -> 0 | H90: =MID(C90,6,1) -> 0 | I90: =MID(C90,7,1) -> 0 | J90: =MID(C90,8,1) -> 0 | K90: =MID(C90,9,1) -> 0 | L90: J9FA15000023 | M90: 小麦でん粉 | N90: J9F | O90: A | P90: 農産食品 | Q90: 1 | R90: 5 | S90: 小麦 | T90: 小麦 | U90: 0 | V90: 0 | W90: 小麦 | X90: 小麦 | Y90: 0 | Z90: 0 | AA90: 小麦 | AB90: 小麦 | AC90: 2 | AD90: 3 | AE90: 小麦でん粉 | AF90: 小麦でん粉 | AJ90: =IF(OR(AS90=1,AT90=1,AU90=1,AV90=1,AW90=1,AX90=1,AY90=1,AZ90=1,BA90=1,BB90=1,BC90=1,BD90=1),TRUE,FALSE) -> FALSE | AK90: =O90&Q90&R90&U90&V90&Y90&Z90&AC90&AD90 -> A15000023 | AL90: 6961 | AM90: =C90<>AK90 -> TRUE | AN90: =N90&AK90 -> J9FA15000023 | AR90: =IF(AL90<>"",1,"") -> 1 | AS90: =IF(IFERROR(VLOOKUP(AE90,#REF!,1,0),"")<>"",1,"") | AT90: =IF(IFERROR(VLOOKUP(AE90,#REF!,1,0),"")<>"",1,"") | AU90: =IF(IFERROR(VLOOKUP(AE90,#REF!,1,0),"")<>"",1,"") | AV90: =IF(IFERROR(VLOOKUP(AE90,#REF!,1,0),"")<>"",1,"") | AW90: =IF(IFERROR(VLOOKUP(AE90,#REF!,1,0),"")<>"",1,"") | AX90: =IF(IFERROR(VLOOKUP(AE90,#REF!,1,0),"")<>"",1,"") | AY90: =IF(IFERROR(VLOOKUP(AE90,#REF!,1,0),"")<>"",1,"") | AZ90: =IF(IFERROR(VLOOKUP(AE90,#REF!,1,0),"")<>"",1,"") | BA90: =IF(IFERROR(VLOOKUP(AE90,#REF!,1,0),"")<>"",1,"") | BB90: =IF(IFERROR(VLOOKUP(AE90,#REF!,1,0),"")<>"",1,"") | BC90: =IF(IFERROR(VLOOKUP(AE90,#REF!,1,0),"")<>"",1,"") | BD90: =IF(IFERROR(VLOOKUP(AE90,#REF!,1,0),"")<>"",1,"") | BE90: =SUM(AR90:BD90) -> 1
A91: 2796 | B91: 999999999 | C91: 999999999 | D91: =MID(C91,1,2) -> 99 | E91: =MID(C91,3,1) -> 9 | F91: =MID(C91,4,1) -> 9 | G91: =MID(C91,5,1) -> 9 | H91: =MID(C91,6,1) -> 9 | I91: =MID(C91,7,1) -> 9 | J91: =MID(C91,8,1) -> 9 | K91: =MID(C91,9,1) -> 9 | L91: J9FA15000024 | M91: 特異的IgE ω-5 グリアジン (小麦由来) | N91: J9F | O91: A | P91: 農産食品 | Q91: 1 | R91: 5 | S91: 小麦 | T91: 小麦 | U91: 0 | V91: 0 | W91: 小麦 | X91: 小麦 | Y91: 0 | Z91: 0 | AA91: 小麦 | AB91: 小麦 | AC91: 2 | AD91: 4 | AE91: 特異的IgE ω-5 グリアジン (小麦由来) | AF91: 特異的IgE ω-5 グリアジン | AJ91: =IF(OR(AS91=1,AT91=1,AU91=1,AV91=1,AW91=1,AX91=1,AY91=1,AZ91=1,BA91=1,BB91=1,BC91=1,BD91=1),TRUE,FALSE) -> FALSE | AK91: =O91&Q91&R91&U91&V91&Y91&Z91&AC91&AD91 -> A15000024 | AM91: =C91<>AK91 -> TRUE | AN91: =N91&AK91 -> J9FA15000024 | AR91: =IF(AL91<>"",1,"") | AS91: =IF(IFERROR(VLOOKUP(AE91,#REF!,1,0),"")<>"",1,"") | AT91: =IF(IFERROR(VLOOKUP(AE91,#REF!,1,0),"")<>"",1,"") | AU91: =IF(IFERROR(VLOOKUP(AE91,#REF!,1,0),"")<>"",1,"") | AV91: =IF(IFERROR(VLOOKUP(AE91,#REF!,1,0),"")<>"",1,"") | AW91: =IF(IFERROR(VLOOKUP(AE91,#REF!,1,0),"")<>"",1,"") | AX91: =IF(IFERROR(VLOOKUP(AE91,#REF!,1,0),"")<>"",1,"") | AY91: =IF(IFERROR(VLOOKUP(AE91,#REF!,1,0),"")<>"",1,"") | AZ91: =IF(IFERROR(VLOOKUP(AE91,#REF!,1,0),"")<>"",1,"") | BA91: =IF(IFERROR(VLOOKUP(AE91,#REF!,1,0),"")<>"",1,"") | BB91: =IF(IFERROR(VLOOKUP(AE91,#REF!,1,0),"")<>"",1,"") | BC91: =IF(IFERROR(VLOOKUP(AE91,#REF!,1,0),"")<>"",1,"") | BD91: =IF(IFERROR(VLOOKUP(AE91,#REF!,1,0),"")<>"",1,"") | BE91: =SUM(AR91:BD91) -> 0
A92: 2757 | B92: 999999999 | C92: 999999999 | D92: =MID(C92,1,2) -> 99 | E92: =MID(C92,3,1) -> 9 | F92: =MID(C92,4,1) -> 9 | G92: =MID(C92,5,1) -> 9 | H92: =MID(C92,6,1) -> 9 | I92: =MID(C92,7,1) -> 9 | J92: =MID(C92,8,1) -> 9 | K92: =MID(C92,9,1) -> 9 | L92: J9FA15110000 | M92: スペルト小麦 | N92: J9F | O92: A | P92: 農産食品 | Q92: 1 | R92: 5 | S92: 小麦 | T92: 小麦 | U92: 1 | V92: 1 | W92: スペルト小麦 | X92: スペルト小麦 | Y92: 0 | Z92: 0 | AA92: スペルト小麦 | AB92: スペルト小麦 | AC92: 0 | AD92: 0 | AE92: スペルト小麦 | AF92: スペルト小麦 | AJ92: =IF(OR(AS92=1,AT92=1,AU92=1,AV92=1,AW92=1,AX92=1,AY92=1,AZ92=1,BA92=1,BB92=1,BC92=1,BD92=1),TRUE,FALSE) -> FALSE | AK92: =O92&Q92&R92&U92&V92&Y92&Z92&AC92&AD92 -> A15110000 | AM92: =C92<>AK92 -> TRUE | AN92: =N92&AK92 -> J9FA15110000 | AR92: =IF(AL92<>"",1,"") | AS92: =IF(IFERROR(VLOOKUP(AE92,#REF!,1,0),"")<>"",1,"") | AT92: =IF(IFERROR(VLOOKUP(AE92,#REF!,1,0),"")<>"",1,"") | AU92: =IF(IFERROR(VLOOKUP(AE92,#REF!,1,0),"")<>"",1,"") | AV92: =IF(IFERROR(VLOOKUP(AE92,#REF!,1,0),"")<>"",1,"") | AW92: =IF(IFERROR(VLOOKUP(AE92,#REF!,1,0),"")<>"",1,"") | AX92: =IF(IFERROR(VLOOKUP(AE92,#REF!,1,0),"")<>"",1,"") | AY92: =IF(IFERROR(VLOOKUP(AE92,#REF!,1,0),"")<>"",1,"") | AZ92: =IF(IFERROR(VLOOKUP(AE92,#REF!,1,0),"")<>"",1,"") | BA92: =IF(IFERROR(VLOOKUP(AE92,#REF!,1,0),"")<>"",1,"") | BB92: =IF(IFERROR(VLOOKUP(AE92,#REF!,1,0),"")<>"",1,"") | BC92: =IF(IFERROR(VLOOKUP(AE92,#REF!,1,0),"")<>"",1,"") | BD92: =IF(IFERROR(VLOOKUP(AE92,#REF!,1,0),"")<>"",1,"") | BE92: =SUM(AR92:BD92) -> 0
A93: 52 | B93: 69231 | C93: =LEFT(B93 & "000000000", 9) -> 692310000 | D93: =MID(C93,1,2) -> 69 | E93: =MID(C93,3,1) -> 2 | F93: =MID(C93,4,1) -> 3 | G93: =MID(C93,5,1) -> 1 | H93: =MID(C93,6,1) -> 0 | I93: =MID(C93,7,1) -> 0 | J93: =MID(C93,8,1) -> 0 | K93: =MID(C93,9,1) -> 0 | L93: J9FA15120000 | M93: 国内産小麦 | N93: J9F | O93: A | P93: 農産食品 | Q93: 1 | R93: 5 | S93: 小麦 | T93: 小麦 | U93: 1 | V93: 2 | W93: 国内産小麦 | X93: 国内産小麦 | Y93: 0 | Z93: 0 | AA93: 国内産小麦 | AB93: 国内産小麦 | AC93: 0 | AD93: 0 | AE93: 国内産小麦 | AF93: 国内産小麦 | AH93: 1 | AJ93: =IF(OR(AS93=1,AT93=1,AU93=1,AV93=1,AW93=1,AX93=1,AY93=1,AZ93=1,BA93=1,BB93=1,BC93=1,BD93=1),TRUE,FALSE) -> FALSE | AK93: =O93&Q93&R93&U93&V93&Y93&Z93&AC93&AD93 -> A15120000 | AL93: 69231 | AM93: =C93<>AK93 -> TRUE | AN93: =N93&AK93 -> J9FA15120000 | AR93: =IF(AL93<>"",1,"") -> 1 | AS93: =IF(IFERROR(VLOOKUP(AE93,#REF!,1,0),"")<>"",1,"") | AT93: =IF(IFERROR(VLOOKUP(AE93,#REF!,1,0),"")<>"",1,"") | AU93: =IF(IFERROR(VLOOKUP(AE93,#REF!,1,0),"")<>"",1,"") | AV93: =IF(IFERROR(VLOOKUP(AE93,#REF!,1,0),"")<>"",1,"") | AW93: =IF(IFERROR(VLOOKUP(AE93,#REF!,1,0),"")<>"",1,"") | AX93: =IF(IFERROR(VLOOKUP(AE93,#REF!,1,0),"")<>"",1,"") | AY93: =IF(IFERROR(VLOOKUP(AE93,#REF!,1,0),"")<>"",1,"") | AZ93: =IF(IFERROR(VLOOKUP(AE93,#REF!,1,0),"")<>"",1,"") | BA93: =IF(IFERROR(VLOOKUP(AE93,#REF!,1,0),"")<>"",1,"") | BB93: =IF(IFERROR(VLOOKUP(AE93,#REF!,1,0),"")<>"",1,"") | BC93: =IF(IFERROR(VLOOKUP(AE93,#REF!,1,0),"")<>"",1,"") | BD93: =IF(IFERROR(VLOOKUP(AE93,#REF!,1,0),"")<>"",1,"") | BE93: =SUM(AR93:BD93) -> 1
A94: 53 | B94: 692311 | C94: =LEFT(B94 & "000000000", 9) -> 692311000 | D94: =MID(C94,1,2) -> 69 | E94: =MID(C94,3,1) -> 2 | F94: =MID(C94,4,1) -> 3 | G94: =MID(C94,5,1) -> 1 | H94: =MID(C94,6,1) -> 1 | I94: =MID(C94,7,1) -> 0 | J94: =MID(C94,8,1) -> 0 | K94: =MID(C94,9,1) -> 0 | L94: J9FA15130000 | M94: 普通小麦 | N94: J9F | O94: A | P94: 農産食品 | Q94: 1 | R94: 5 | S94: 小麦 | T94: 小麦 | U94: 1 | V94: 3 | W94: 普通小麦 | X94: 普通小麦 | Y94: 0 | Z94: 0 | AA94: 普通小麦 | AB94: 普通小麦 | AC94: 0 | AD94: 0 | AE94: 普通小麦（国内産小麦） | AF94: 国内産普通小麦 | AH94: 1 | AJ94: =IF(OR(AS94=1,AT94=1,AU94=1,AV94=1,AW94=1,AX94=1,AY94=1,AZ94=1,BA94=1,BB94=1,BC94=1,BD94=1),TRUE,FALSE) -> FALSE | AK94: =O94&Q94&R94&U94&V94&Y94&Z94&AC94&AD94 -> A15130000 | AL94: 692311 | AM94: =C94<>AK94 -> TRUE | AN94: =N94&AK94 -> J9FA15130000 | AR94: =IF(AL94<>"",1,"") -> 1 | AS94: =IF(IFERROR(VLOOKUP(AE94,#REF!,1,0),"")<>"",1,"") | AT94: =IF(IFERROR(VLOOKUP(AE94,#REF!,1,0),"")<>"",1,"") | AU94: =IF(IFERROR(VLOOKUP(AE94,#REF!,1,0),"")<>"",1,"") | AV94: =IF(IFERROR(VLOOKUP(AE94,#REF!,1,0),"")<>"",1,"") | AW94: =IF(IFERROR(VLOOKUP(AE94,#REF!,1,0),"")<>"",1,"") | AX94: =IF(IFERROR(VLOOKUP(AE94,#REF!,1,0),"")<>"",1,"") | AY94: =IF(IFERROR(VLOOKUP(AE94,#REF!,1,0),"")<>"",1,"") | AZ94: =IF(IFERROR(VLOOKUP(AE94,#REF!,1,0),"")<>"",1,"") | BA94: =IF(IFERROR(VLOOKUP(AE94,#REF!,1,0),"")<>"",1,"") | BB94: =IF(IFERROR(VLOOKUP(AE94,#REF!,1,0),"")<>"",1,"") | BC94: =IF(IFERROR(VLOOKUP(AE94,#REF!,1,0),"")<>"",1,"") | BD94: =IF(IFERROR(VLOOKUP(AE94,#REF!,1,0),"")<>"",1,"") | BE94: =SUM(AR94:BD94) -> 1
A95: 54 | B95: 692312 | C95: =LEFT(B95 & "000000000", 9) -> 692312000 | D95: =MID(C95,1,2) -> 69 | E95: =MID(C95,3,1) -> 2 | F95: =MID(C95,4,1) -> 3 | G95: =MID(C95,5,1) -> 1 | H95: =MID(C95,6,1) -> 2 | I95: =MID(C95,7,1) -> 0 | J95: =MID(C95,8,1) -> 0 | K95: =MID(C95,9,1) -> 0 | L95: J9FA15140000 | M95: 強力小麦 | N95: J9F | O95: A | P95: 農産食品 | Q95: 1 | R95: 5 | S95: 小麦 | T95: 小麦 | U95: 1 | V95: 4 | W95: 強力小麦 | X95: 強力小麦 | Y95: 0 | Z95: 0 | AA95: 強力小麦 | AB95: 強力小麦 | AC95: 0 | AD95: 0 | AE95: 強力小麦（国内産小麦） | AF95: 国内産強力小麦 | AH95: 1 | AJ95: =IF(OR(AS95=1,AT95=1,AU95=1,AV95=1,AW95=1,AX95=1,AY95=1,AZ95=1,BA95=1,BB95=1,BC95=1,BD95=1),TRUE,FALSE) -> FALSE | AK95: =O95&Q95&R95&U95&V95&Y95&Z95&AC95&AD95 -> A15140000 | AL95: 692312 | AM95: =C95<>AK95 -> TRUE | AN95: =N95&AK95 -> J9FA15140000 | AR95: =IF(AL95<>"",1,"") -> 1 | AS95: =IF(IFERROR(VLOOKUP(AE95,#REF!,1,0),"")<>"",1,"") | AT95: =IF(IFERROR(VLOOKUP(AE95,#REF!,1,0),"")<>"",1,"") | AU95: =IF(IFERROR(VLOOKUP(AE95,#REF!,1,0),"")<>"",1,"") | AV95: =IF(IFERROR(VLOOKUP(AE95,#REF!,1,0),"")<>"",1,"") | AW95: =IF(IFERROR(VLOOKUP(AE95,#REF!,1,0),"")<>"",1,"") | AX95: =IF(IFERROR(VLOOKUP(AE95,#REF!,1,0),"")<>"",1,"") | AY95: =IF(IFERROR(VLOOKUP(AE95,#REF!,1,0),"")<>"",1,"") | AZ95: =IF(IFERROR(VLOOKUP(AE95,#REF!,1,0),"")<>"",1,"") | BA95: =IF(IFERROR(VLOOKUP(AE95,#REF!,1,0),"")<>"",1,"") | BB95: =IF(IFERROR(VLOOKUP(AE95,#REF!,1,0),"")<>"",1,"") | BC95: =IF(IFERROR(VLOOKUP(AE95,#REF!,1,0),"")<>"",1,"") | BD95: =IF(IFERROR(VLOOKUP(AE95,#REF!,1,0),"")<>"",1,"") | BE95: =SUM(AR95:BD95) -> 1
A96: 55 | B96: 69232 | C96: =LEFT(B96 & "000000000", 9) -> 692320000 | D96: =MID(C96,1,2) -> 69 | E96: =MID(C96,3,1) -> 2 | F96: =MID(C96,4,1) -> 3 | G96: =MID(C96,5,1) -> 2 | H96: =MID(C96,6,1) -> 0 | I96: =MID(C96,7,1) -> 0 | J96: =MID(C96,8,1) -> 0 | K96: =MID(C96,9,1) -> 0 | L96: J9FA15150000 | M96: 外国産小麦 | N96: J9F | O96: A | P96: 農産食品 | Q96: 1 | R96: 5 | S96: 小麦 | T96: 小麦 | U96: 1 | V96: 5 | W96: 外国産小麦 | X96: 外国産小麦 | Y96: 0 | Z96: 0 | AA96: 外国産小麦 | AB96: 外国産小麦 | AC96: 0 | AD96: 0 | AE96: 外国産小麦 | AF96: 外国産小麦 | AH96: 1 | AJ96: =IF(OR(AS96=1,AT96=1,AU96=1,AV96=1,AW96=1,AX96=1,AY96=1,AZ96=1,BA96=1,BB96=1,BC96=1,BD96=1),TRUE,FALSE) -> FALSE | AK96: =O96&Q96&R96&U96&V96&Y96&Z96&AC96&AD96 -> A15150000 | AL96: 69232 | AM96: =C96<>AK96 -> TRUE | AN96: =N96&AK96 -> J9FA15150000 | AR96: =IF(AL96<>"",1,"") -> 1 | AS96: =IF(IFERROR(VLOOKUP(AE96,#REF!,1,0),"")<>"",1,"") | AT96: =IF(IFERROR(VLOOKUP(AE96,#REF!,1,0),"")<>"",1,"") | AU96: =IF(IFERROR(VLOOKUP(AE96,#REF!,1,0),"")<>"",1,"") | AV96: =IF(IFERROR(VLOOKUP(AE96,#REF!,1,0),"")<>"",1,"") | AW96: =IF(IFERROR(VLOOKUP(AE96,#REF!,1,0),"")<>"",1,"") | AX96: =IF(IFERROR(VLOOKUP(AE96,#REF!,1,0),"")<>"",1,"") | AY96: =IF(IFERROR(VLOOKUP(AE96,#REF!,1,0),"")<>"",1,"") | AZ96: =IF(IFERROR(VLOOKUP(AE96,#REF!,1,0),"")<>"",1,"") | BA96: =IF(IFERROR(VLOOKUP(AE96,#REF!,1,0),"")<>"",1,"") | BB96: =IF(IFERROR(VLOOKUP(AE96,#REF!,1,0),"")<>"",1,"") | BC96: =IF(IFERROR(VLOOKUP(AE96,#REF!,1,0),"")<>"",1,"") | BD96: =IF(IFERROR(VLOOKUP(AE96,#REF!,1,0),"")<>"",1,"") | BE96: =SUM(AR96:BD96) -> 1
A97: 56 | B97: 692321 | C97: =LEFT(B97 & "000000000", 9) -> 692321000 | D97: =MID(C97,1,2) -> 69 | E97: =MID(C97,3,1) -> 2 | F97: =MID(C97,4,1) -> 3 | G97: =MID(C97,5,1) -> 2 | H97: =MID(C97,6,1) -> 1 | I97: =MID(C97,7,1) -> 0 | J97: =MID(C97,8,1) -> 0 | K97: =MID(C97,9,1) -> 0 | L97: J9FA15160000 | M97: 普通小麦 | N97: J9F | O97: A | P97: 農産食品 | Q97: 1 | R97: 5 | S97: 小麦 | T97: 小麦 | U97: 1 | V97: 6 | W97: 普通小麦 | X97: 普通小麦 | Y97: 0 | Z97: 0 | AA97: 普通小麦 | AB97: 普通小麦 | AC97: 0 | AD97: 0 | AE97: 普通小麦（外国産小麦） | AF97: 外国産普通小麦 | AH97: 1 | AJ97: =IF(OR(AS97=1,AT97=1,AU97=1,AV97=1,AW97=1,AX97=1,AY97=1,AZ97=1,BA97=1,BB97=1,BC97=1,BD97=1),TRUE,FALSE) -> FALSE | AK97: =O97&Q97&R97&U97&V97&Y97&Z97&AC97&AD97 -> A15160000 | AL97: 692321 | AM97: =C97<>AK97 -> TRUE | AN97: =N97&AK97 -> J9FA15160000 | AR97: =IF(AL97<>"",1,"") -> 1 | AS97: =IF(IFERROR(VLOOKUP(AE97,#REF!,1,0),"")<>"",1,"") | AT97: =IF(IFERROR(VLOOKUP(AE97,#REF!,1,0),"")<>"",1,"") | AU97: =IF(IFERROR(VLOOKUP(AE97,#REF!,1,0),"")<>"",1,"") | AV97: =IF(IFERROR(VLOOKUP(AE97,#REF!,1,0),"")<>"",1,"") | AW97: =IF(IFERROR(VLOOKUP(AE97,#REF!,1,0),"")<>"",1,"") | AX97: =IF(IFERROR(VLOOKUP(AE97,#REF!,1,0),"")<>"",1,"") | AY97: =IF(IFERROR(VLOOKUP(AE97,#REF!,1,0),"")<>"",1,"") | AZ97: =IF(IFERROR(VLOOKUP(AE97,#REF!,1,0),"")<>"",1,"") | BA97: =IF(IFERROR(VLOOKUP(AE97,#REF!,1,0),"")<>"",1,"") | BB97: =IF(IFERROR(VLOOKUP(AE97,#REF!,1,0),"")<>"",1,"") | BC97: =IF(IFERROR(VLOOKUP(AE97,#REF!,1,0),"")<>"",1,"") | BD97: =IF(IFERROR(VLOOKUP(AE97,#REF!,1,0),"")<>"",1,"") | BE97: =SUM(AR97:BD97) -> 1
A98: 57 | B98: 692322 | C98: =LEFT(B98 & "000000000", 9) -> 692322000 | D98: =MID(C98,1,2) -> 69 | E98: =MID(C98,3,1) -> 2 | F98: =MID(C98,4,1) -> 3 | G98: =MID(C98,5,1) -> 2 | H98: =MID(C98,6,1) -> 2 | I98: =MID(C98,7,1) -> 0 | J98: =MID(C98,8,1) -> 0 | K98: =MID(C98,9,1) -> 0 | L98: J9FA15170000 | M98: 準強力小麦 | N98: J9F | O98: A | P98: 農産食品 | Q98: 1 | R98: 5 | S98: 小麦 | T98: 小麦 | U98: 1 | V98: 7 | W98: 準強力小麦 | X98: 準強力小麦 | Y98: 0 | Z98: 0 | AA98: 準強力小麦 | AB98: 準強力小麦 | AC98: 0 | AD98: 0 | AE98: 準強力小麦 | AF98: 外国産準強力小麦 | AH98: 1 | AJ98: =IF(OR(AS98=1,AT98=1,AU98=1,AV98=1,AW98=1,AX98=1,AY98=1,AZ98=1,BA98=1,BB98=1,BC98=1,BD98=1),TRUE,FALSE) -> FALSE | AK98: =O98&Q98&R98&U98&V98&Y98&Z98&AC98&AD98 -> A15170000 | AL98: 692322 | AM98: =C98<>AK98 -> TRUE | AN98: =N98&AK98 -> J9FA15170000 | AR98: =IF(AL98<>"",1,"") -> 1 | AS98: =IF(IFERROR(VLOOKUP(AE98,#REF!,1,0),"")<>"",1,"") | AT98: =IF(IFERROR(VLOOKUP(AE98,#REF!,1,0),"")<>"",1,"") | AU98: =IF(IFERROR(VLOOKUP(AE98,#REF!,1,0),"")<>"",1,"") | AV98: =IF(IFERROR(VLOOKUP(AE98,#REF!,1,0),"")<>"",1,"") | AW98: =IF(IFERROR(VLOOKUP(AE98,#REF!,1,0),"")<>"",1,"") | AX98: =IF(IFERROR(VLOOKUP(AE98,#REF!,1,0),"")<>"",1,"") | AY98: =IF(IFERROR(VLOOKUP(AE98,#REF!,1,0),"")<>"",1,"") | AZ98: =IF(IFERROR(VLOOKUP(AE98,#REF!,1,0),"")<>"",1,"") | BA98: =IF(IFERROR(VLOOKUP(AE98,#REF!,1,0),"")<>"",1,"") | BB98: =IF(IFERROR(VLOOKUP(AE98,#REF!,1,0),"")<>"",1,"") | BC98: =IF(IFERROR(VLOOKUP(AE98,#REF!,1,0),"")<>"",1,"") | BD98: =IF(IFERROR(VLOOKUP(AE98,#REF!,1,0),"")<>"",1,"") | BE98: =SUM(AR98:BD98) -> 1
A99: 58 | B99: 692323 | C99: =LEFT(B99 & "000000000", 9) -> 692323000 | D99: =MID(C99,1,2) -> 69 | E99: =MID(C99,3,1) -> 2 | F99: =MID(C99,4,1) -> 3 | G99: =MID(C99,5,1) -> 2 | H99: =MID(C99,6,1) -> 3 | I99: =MID(C99,7,1) -> 0 | J99: =MID(C99,8,1) -> 0 | K99: =MID(C99,9,1) -> 0 | L99: J9FA15180000 | M99: 強力小麦 | N99: J9F | O99: A | P99: 農産食品 | Q99: 1 | R99: 5 | S99: 小麦 | T99: 小麦 | U99: 1 | V99: 8 | W99: 強力小麦 | X99: 強力小麦 | Y99: 0 | Z99: 0 | AA99: 強力小麦 | AB99: 強力小麦 | AC99: 0 | AD99: 0 | AE99: 強力小麦（外国産小麦） | AF99: 外国産強力小麦 | AH99: 1 | AJ99: =IF(OR(AS99=1,AT99=1,AU99=1,AV99=1,AW99=1,AX99=1,AY99=1,AZ99=1,BA99=1,BB99=1,BC99=1,BD99=1),TRUE,FALSE) -> FALSE | AK99: =O99&Q99&R99&U99&V99&Y99&Z99&AC99&AD99 -> A15180000 | AL99: 692323 | AM99: =C99<>AK99 -> TRUE | AN99: =N99&AK99 -> J9FA15180000 | AR99: =IF(AL99<>"",1,"") -> 1 | AS99: =IF(IFERROR(VLOOKUP(AE99,#REF!,1,0),"")<>"",1,"") | AT99: =IF(IFERROR(VLOOKUP(AE99,#REF!,1,0),"")<>"",1,"") | AU99: =IF(IFERROR(VLOOKUP(AE99,#REF!,1,0),"")<>"",1,"") | AV99: =IF(IFERROR(VLOOKUP(AE99,#REF!,1,0),"")<>"",1,"") | AW99: =IF(IFERROR(VLOOKUP(AE99,#REF!,1,0),"")<>"",1,"") | AX99: =IF(IFERROR(VLOOKUP(AE99,#REF!,1,0),"")<>"",1,"") | AY99: =IF(IFERROR(VLOOKUP(AE99,#REF!,1,0),"")<>"",1,"") | AZ99: =IF(IFERROR(VLOOKUP(AE99,#REF!,1,0),"")<>"",1,"") | BA99: =IF(IFERROR(VLOOKUP(AE99,#REF!,1,0),"")<>"",1,"") | BB99: =IF(IFERROR(VLOOKUP(AE99,#REF!,1,0),"")<>"",1,"") | BC99: =IF(IFERROR(VLOOKUP(AE99,#REF!,1,0),"")<>"",1,"") | BD99: =IF(IFERROR(VLOOKUP(AE99,#REF!,1,0),"")<>"",1,"") | BE99: =SUM(AR99:BD99) -> 1
A100: 59 | B100: 692324 | C100: =LEFT(B100 & "000000000", 9) -> 692324000 | D100: =MID(C100,1,2) -> 69 | E100: =MID(C100,3,1) -> 2 | F100: =MID(C100,4,1) -> 3 | G100: =MID(C100,5,1) -> 2 | H100: =MID(C100,6,1) -> 4 | I100: =MID(C100,7,1) -> 0 | J100: =MID(C100,8,1) -> 0 | K100: =MID(C100,9,1) -> 0 | L100: J9FA15190000 | M100: デュラム小麦 | N100: J9F | O100: A | P100: 農産食品 | Q100: 1 | R100: 5 | S100: 小麦 | T100: 小麦 | U100: 1 | V100: 9 | W100: デュラム小麦 | X100: デュラム小麦 | Y100: 0 | Z100: 0 | AA100: デュラム小麦 | AB100: デュラム小麦 | AC100: 0 | AD100: 0 | AE100: デュラム小麦 | AF100: デュラム小麦 | AJ100: =IF(OR(AS100=1,AT100=1,AU100=1,AV100=1,AW100=1,AX100=1,AY100=1,AZ100=1,BA100=1,BB100=1,BC100=1,BD100=1),TRUE,FALSE) -> FALSE | AK100: =O100&Q100&R100&U100&V100&Y100&Z100&AC100&AD100 -> A15190000 | AL100: 692324 | AM100: =C100<>AK100 -> TRUE | AN100: =N100&AK100 -> J9FA15190000 | AR100: =IF(AL100<>"",1,"") -> 1 | AS100: =IF(IFERROR(VLOOKUP(AE100,#REF!,1,0),"")<>"",1,"") | AT100: =IF(IFERROR(VLOOKUP(AE100,#REF!,1,0),"")<>"",1,"") | AU100: =IF(IFERROR(VLOOKUP(AE100,#REF!,1,0),"")<>"",1,"") | AV100: =IF(IFERROR(VLOOKUP(AE100,#REF!,1,0),"")<>"",1,"") | AW100: =IF(IFERROR(VLOOKUP(AE100,#REF!,1,0),"")<>"",1,"") | AX100: =IF(IFERROR(VLOOKUP(AE100,#REF!,1,0),"")<>"",1,"") | AY100: =IF(IFERROR(VLOOKUP(AE100,#REF!,1,0),"")<>"",1,"") | AZ100: =IF(IFERROR(VLOOKUP(AE100,#REF!,1,0),"")<>"",1,"") | BA100: =IF(IFERROR(VLOOKUP(AE100,#REF!,1,0),"")<>"",1,"") | BB100: =IF(IFERROR(VLOOKUP(AE100,#REF!,1,0),"")<>"",1,"") | BC100: =IF(IFERROR(VLOOKUP(AE100,#REF!,1,0),"")<>"",1,"") | BD100: =IF(IFERROR(VLOOKUP(AE100,#REF!,1,0),"")<>"",1,"") | BE100: =SUM(AR100:BD100) -> 1
...

Sheet ★ JPFHIRアレルゲンコード設計
B1: ★ JFAGYアレルゲンコード設計
C3: 番号の意味 | D3: 値の定義 | E3: JFAGY（食品） | F3: JFAGY（非食品） | G3: YJ12桁 | H3: YJ9桁（厚労省一般名処方マスタ） | I3: WHO-ATC分類
A4: 1 | B4: メタコード領域 | C4: コアコード識別記号 | D4: J：JFAGY、Y：YJコード、A：ATC分類 | E4: J | F4: J | G4: Y | H4: Y | I4: A
A5: 2 | C5: コアコードのコード長 | D5: 0〜9、A〜Z（36進数） | E5: 9 | F5: 9 | G5: C | H5: 9 | I5: 7
A6: 3 | C6: コアコードが対象とするアレルゲン領域 | D6: F：食品・飲料、M：医薬品、N：非食品・非医薬品 | E6: F | F6: N | G6: M | H6: M | I6: M
A7: 4 | B7: コアコード領域 | E7: 第1コード 1桁 | F7: 第1コード 1桁 | G7: 薬効分類コード（日本商品分類コード4桁） | H7: 薬効分類コード（日本商品分類コード4桁） | I7: レベル1：解剖学的部位メイングループ
A8: 5 | E8: 第2コードと第3コードがセット（２桁） | F8: 第2コードと第3コードがセット（２桁） | I8: レベル2：治療法サブグループ
A9: 6
A10: 7 | E10: 第4コードと第5コードがセット（２桁） | F10: 第4コードと第5コードがセット（２桁） | I10: レベル3：薬理学サブグループ
A11: 8 | G11: 投与経路・成分分類番号 | H11: 投与経路・成分分類番号 | I11: レベル4：化学サブグループ
A12: 9 | E12: 第6コードと第7コードがセット（２桁） | F12: 第6コードと第7コードがセット（２桁） | I12: レベル5：化学物質
A13: 10
A14: 11 | E14: 枝番1 | F14: 枝番1 | G14: 剤形 | H14: 剤形
A15: 12 | E15: 枝番2 | F15: 枝番2 | G15: 規格単位別番号 | H15: 規格単位別番号
A16: 13 | G16: 同一規格内順序番号 | H16: Z
A17: 14 | H17: Z
A18: 15 | G18: YJチェックディジット | H18: Z
G19: 製造会社の別を問いたい場合 | H19: 製造会社は気にしない（「一般的名称」＋「剤形」＋「含量」）
G20: ロサルタンカリウム錠２５ｍｇ「アメル」 | 2149039F1244 | H20: ロサルタンカリウム錠２５ｍｇ | 2149039F1 | K20: 一般名コード
G21: ロサルタンカリウム錠２５ｍｇ「NP」 | 2149039F1201 | K21: https://www.mhlw.go.jp/seisakunitsuite/bunya/kenkou_iryou/iryouhoken/shohosen_200401.html
G22: ロサルタンカリウム錠２５ｍｇ「サンド」 | 2149039F1287
K24: 一般用医薬品コード（経済課コード）
K25: https://www.japic.or.jp/service/whats_new/otc_codes/index.php

Sheet ☆JFAGY_V8件数集計☆
B1: 2022/10/21作成
B3: JFAGY（食品・非食品ICD11）V8シート
C4: 件数（削除フラグは除いています）
B5: J-FAGY(不要フラグを付ける前) | C5: =COUNTIF('JFAGY（食品・非食品ICD11）V8'!AG2:AG3600,"") -> 3074 | D5: ←削除フラグ有りを除いた件数
B6: 不要フラグ付与 | C6: =COUNTIFS('JFAGY（食品・非食品ICD11）V8'!AG:AG,"",'JFAGY（食品・非食品ICD11）V8'!AH:AH,"1") -> 1266 | D6: ←削除フラグ：なし、不要フラグ：有りの件数
B7: J-FAGY(不要フラグの除いた件数) | C7: =C5-C6 -> 1808 | D7: ←現在の最終J-FAGY件数 | F7: =COUNTIFS('JFAGY（食品・非食品ICD11）V8'!AG:AG,"",'JFAGY（食品・非食品ICD11）V8'!AH:AH,"") -> 1046784 | G7: ←削除フラグ：なし、不要フラグ：なし の件数
C9: 件数（削除フラグは除いています）
B10: 食品 | C10: =COUNTIFS('JFAGY（食品・非食品ICD11）V8'!AG:AG,"",'JFAGY（食品・非食品ICD11）V8'!AH:AH,"",'JFAGY（食品・非食品ICD11）V8'!N:N,"J9F") -> 1182 | D10: ←現在のJ-FAGY 食品用語件数
B11: 非食品 | C11: =COUNTIFS('JFAGY（食品・非食品ICD11）V8'!AG:AG,"",'JFAGY（食品・非食品ICD11）V8'!AH:AH,"",'JFAGY（食品・非食品ICD11）V8'!N:N,"J9N") -> 626 | D11: ←現在のJ-FAGY 非食品用語件数
B12: 合計 | C12: =SUM(C10:C11) -> 1808 | D12: ←現在の最終J-FAGY件数
C14: 件数（削除フラグは除いています）
B15: J-FAGY(不要フラグの除いた件数)のうち、アレルギーガイドラインにはないもの | C15: =COUNTIFS('JFAGY（食品・非食品ICD11）V8'!AJ:AJ,"FALSE",'JFAGY（食品・非食品ICD11）V8'!AG:AG,"",'JFAGY（食品・非食品ICD11）V8'!AH:AH,"") -> 1808 | D15: ※この用語の再検討が必要（さらに不要と判断できるものはないか？）例 赤いんげん、青いんげん
B16: J-FAGY(不要フラグの除いた件数)のうち、アレルギーガイドラインに有るもの | C16: =COUNTIFS('JFAGY（食品・非食品ICD11）V8'!AJ:AJ,"TRUE",'JFAGY（食品・非食品ICD11）V8'!AG:AG,"",'JFAGY（食品・非食品ICD11）V8'!AH:AH,"") -> 0
B17: 合計 | C17: =SUM(C15:C16) -> 1808 | D17: ←現在の最終J-FAGY件数と一致するはず
B20: ソート後のＶ８行数 | C20: =SUBTOTAL(3,'JFAGY（食品・非食品ICD11）V8'!AE2:AE3600) -> 3599 | D20: ←現在表示されている件数
